TimeStamp_10_min,TimeStamp_hour,TimeStamp_daily,TimeStamp_weekly,TimeStamp_monthly,TimeStamp_quarterly,TimeStamp_semesterly,TimeStamp_yearly,TimeStamp_daily_num,TimeStamp_10min_num,test,TimeStamp,ID,Type,SourceId,SourceName,SourceType,EffectId,TimestampUTC,Priority,Cause,CauseValue,Effect,EffectValue,EndId,EndTimestampUTC,EndCause,EndCauseValue,EndEffectValue,AckTimeUTC,AckUserName,AckRemark,Waveform,SystemName,EndTimestampUTC2,UTC_Start_TimeStamp_CT,UTC_End_TimeStamp_CT,UTC_Start_TimeStamp,UTC_End_TimeStamp,UTC_End_TimeStamp_ref,UTC_duration_CT,Duration,UTC_Start_TimeStamp_num,UTC_End_TimeStamp_num,UTC_End_TimeStamp_num_ref,duration_time,dur_0,dur_1,dur_10,dur_1mn,dur_10mn,dur_1hr,dur_1day,dur_10days,dur_more10days,dur_all,StartDate,EndDate,Duration_days,Nr_of_daily_alarms,UTC_Start_TimeStamp_num_original,UTC_End_TimeStamp_num_original,year,semester,yearsmester,quarter,yearquarter,month,yearmonth,week,yearweek,heure,count_semester,count_month,count_hour,count_week,count_quarter,data_present,data_system_received,data_received,data_received_week,data_received_month,data_received_quarter,data_received_semester,Hourly_Freq,daily_average_hourly,weekly_average_hourly,monthly_average_hourly,quarterly_average_hourly,semesterly_average_hourly,yearly_average_hourly,Ten_Freq,daily_average_Ten,weekly_average_Ten,monthly_average_Ten,quarterly_average_Ten,semesterly_average_Ten,yearly_average_Ten,chattering,chattering_events_per_10_min,chattering_meter_per_10_min,more_than_24_PerDay,more_than_24_PerDay_value,MonthlyEvent,MonthlyEvent_value,Ten_Freq_chattering,daily_Freq_chattering,weekly_Freq_chattering,monthly_Freq_chattering,quarterly_Freq_chattering,semesterly_Freq_chattering,yearly_Freq_chattering,more_than_10,Ten_Freq_more_than_10,daily_Freq_more_than_10,weekly_Freq_more_than_10,monthly_Freq_more_than_10,quarterly_Freq_more_than_10,semesterly_Freq_more_than_10,yearly_Freq_more_than_10,unique_source_id_per_10min,unique_effect_id_per_10min,flood_more_than_10_several_meters,flood_more_than_10_several_alarms,Flood_state,Ten_Freq_Flood,daily_Freq_Flood,weekly_Freq_Flood,monthly_Freq_Flood,quarterly_Freq_Flood,semesterly_Freq_Flood,yearly_Freq_Flood,flood_groups,duration_flood,duration_Betweenflood,consecutive_flood,Nr_meters_flood,Nr_Alarms_flood,Nr_chattering_per_meter,Rank_chattering_per_meter,Nr_chattering_per_alarm_per_meter,Rank_chattering_per_alarm_per_meter,Nr_chattering_per_alarm,Rank_chattering_per_alarm,chattering_all_meters_VS_meteralarm,Nr_flood_per_meter,Rank_flood_per_meter,Nr_flood_per_alarm_per_meter,Rank_flood_per_alarm_per_meter,Nr_flood_per_alarm,Rank_flood_per_alarm,flood_all_meters_VS_meteralarm,Nr_chattering_per_meter_monthly,Rank_chattering_per_meter_monthly,Nr_chattering_per_alarm_per_meter_monthly,Rank_chattering_per_alarm_per_meter_monthly,Nr_chattering_per_alarm_monthly,Rank_chattering_per_alarm_monthly,chattering_all_meters_VS_meteralarm_monthly,Last_Active_value_monthly_Ten2,Lag_MonthRef_Ten,Last_Active_value_monthly_Hourly2,Lag_MonthRef_Hour,Last_Active_value_monthly_chattering2,Lag_MonthRef_chattering,Last_Active_value_monthly_more_than_102,Lag_MonthRef_more_than_10,Last_Active_value_monthly_Flood2,Lag_MonthRef_Flood,Diff_TenMin,DiffRef_TenMin,Trend_TenMin,Trend_Hour,Diff_Hour,Trend_Chattering,Trend_more_than_10,Trend_Flood
2012-01-01 00:00:00,2012-01-01 00:00:00,2012-01-01,1,1,1,1,2012,15340,1325376000,FALSE,NA,NA,NA,NA,NA,NA,NA,NA,NA,NA,NA,NA,NA,NA,NA,NA,NA,NA,NA,NA,NA,NA,NA,NA,NA,NA,NA,NA,NA,NA,NA,NA,NA,NA,NA,NA,NA,NA,NA,NA,NA,NA,NA,NA,NA,NA,NA,NA,NA,NA,NA,NA,NA,NA,NA,NA,NA,NA,NA,NA,NA,NA,NA,NA,NA,NA,FALSE,NA,NA,TRUE,TRUE,TRUE,TRUE,0,0,0.0631786771964462,0.0366398570151921,0.086854103343465,0.0539913248611217,0.0407224399386608,0,0,0.0286278381046397,0.0142984807864164,0.0458966565349544,0.0281561524998098,0.0224721228299351,FALSE,FALSE,FALSE,FALSE,0,FALSE,0,0,0,2,2,8,8,18,FALSE,0,0,0,0,19,19,42,1,1,FALSE,FALSE,FALSE,0,0,0,0,19,19,42,1,0,NA,0,0,0,0,81,0,89,0,77,0,0,120,0,82,0,69,0,0,1,0,1,0,1,0,NA,NA.NA,NA,NA.NA,NA,NA.NA,NA,NA.NA,NA,NA.NA,NA,NA,NA,NA,NA,NA,NA,NA
2012-01-01 00:10:00,2012-01-01 00:00:00,2012-01-01,1,1,1,1,2012,15340,1325376600,FALSE,NA,NA,NA,NA,NA,NA,NA,NA,NA,NA,NA,NA,NA,NA,NA,NA,NA,NA,NA,NA,NA,NA,NA,NA,NA,NA,NA,NA,NA,NA,NA,NA,NA,NA,NA,NA,NA,NA,NA,NA,NA,NA,NA,NA,NA,NA,NA,NA,NA,NA,NA,NA,NA,NA,NA,NA,NA,NA,NA,NA,NA,NA,NA,NA,NA,NA,FALSE,NA,NA,TRUE,TRUE,TRUE,TRUE,0,0,0.0631786771964462,0.0366398570151921,0.086854103343465,0.0539913248611217,0.0407224399386608,0,0,0.0286278381046397,0.0142984807864164,0.0458966565349544,0.0281561524998098,0.0224721228299351,FALSE,FALSE,FALSE,FALSE,0,FALSE,0,0,0,2,2,8,8,18,FALSE,0,0,0,0,19,19,42,1,1,FALSE,FALSE,FALSE,0,0,0,0,19,19,42,1,0,NA,0,0,0,0,81,0,89,0,77,0,0,120,0,82,0,69,0,0,1,0,1,0,1,0,NA,NA.NA,NA,NA.NA,NA,NA.NA,NA,NA.NA,NA,NA.NA,NA,NA,NA,NA,NA,NA,NA,NA
2012-01-01 00:20:00,2012-01-01 00:00:00,2012-01-01,1,1,1,1,2012,15340,1325377200,FALSE,NA,NA,NA,NA,NA,NA,NA,NA,NA,NA,NA,NA,NA,NA,NA,NA,NA,NA,NA,NA,NA,NA,NA,NA,NA,NA,NA,NA,NA,NA,NA,NA,NA,NA,NA,NA,NA,NA,NA,NA,NA,NA,NA,NA,NA,NA,NA,NA,NA,NA,NA,NA,NA,NA,NA,NA,NA,NA,NA,NA,NA,NA,NA,NA,NA,NA,FALSE,NA,NA,TRUE,TRUE,TRUE,TRUE,0,0,0.0631786771964462,0.0366398570151921,0.086854103343465,0.0539913248611217,0.0407224399386608,0,0,0.0286278381046397,0.0142984807864164,0.0458966565349544,0.0281561524998098,0.0224721228299351,FALSE,FALSE,FALSE,FALSE,0,FALSE,0,0,0,2,2,8,8,18,FALSE,0,0,0,0,19,19,42,1,1,FALSE,FALSE,FALSE,0,0,0,0,19,19,42,1,0,NA,0,0,0,0,81,0,89,0,77,0,0,120,0,82,0,69,0,0,1,0,1,0,1,0,NA,NA.NA,NA,NA.NA,NA,NA.NA,NA,NA.NA,NA,NA.NA,NA,NA,NA,NA,NA,NA,NA,NA
2012-01-01 00:30:00,2012-01-01 00:00:00,2012-01-01,1,1,1,1,2012,15340,1325377800,FALSE,NA,NA,NA,NA,NA,NA,NA,NA,NA,NA,NA,NA,NA,NA,NA,NA,NA,NA,NA,NA,NA,NA,NA,NA,NA,NA,NA,NA,NA,NA,NA,NA,NA,NA,NA,NA,NA,NA,NA,NA,NA,NA,NA,NA,NA,NA,NA,NA,NA,NA,NA,NA,NA,NA,NA,NA,NA,NA,NA,NA,NA,NA,NA,NA,NA,NA,FALSE,NA,NA,TRUE,TRUE,TRUE,TRUE,0,0,0.0631786771964462,0.0366398570151921,0.086854103343465,0.0539913248611217,0.0407224399386608,0,0,0.0286278381046397,0.0142984807864164,0.0458966565349544,0.0281561524998098,0.0224721228299351,FALSE,FALSE,FALSE,FALSE,0,FALSE,0,0,0,2,2,8,8,18,FALSE,0,0,0,0,19,19,42,1,1,FALSE,FALSE,FALSE,0,0,0,0,19,19,42,1,0,NA,0,0,0,0,81,0,89,0,77,0,0,120,0,82,0,69,0,0,1,0,1,0,1,0,NA,NA.NA,NA,NA.NA,NA,NA.NA,NA,NA.NA,NA,NA.NA,NA,NA,NA,NA,NA,NA,NA,NA
2012-01-01 00:40:00,2012-01-01 00:00:00,2012-01-01,1,1,1,1,2012,15340,1325378400,FALSE,NA,NA,NA,NA,NA,NA,NA,NA,NA,NA,NA,NA,NA,NA,NA,NA,NA,NA,NA,NA,NA,NA,NA,NA,NA,NA,NA,NA,NA,NA,NA,NA,NA,NA,NA,NA,NA,NA,NA,NA,NA,NA,NA,NA,NA,NA,NA,NA,NA,NA,NA,NA,NA,NA,NA,NA,NA,NA,NA,NA,NA,NA,NA,NA,NA,NA,FALSE,NA,NA,TRUE,TRUE,TRUE,TRUE,0,0,0.0631786771964462,0.0366398570151921,0.086854103343465,0.0539913248611217,0.0407224399386608,0,0,0.0286278381046397,0.0142984807864164,0.0458966565349544,0.0281561524998098,0.0224721228299351,FALSE,FALSE,FALSE,FALSE,0,FALSE,0,0,0,2,2,8,8,18,FALSE,0,0,0,0,19,19,42,1,1,FALSE,FALSE,FALSE,0,0,0,0,19,19,42,1,0,NA,0,0,0,0,81,0,89,0,77,0,0,120,0,82,0,69,0,0,1,0,1,0,1,0,NA,NA.NA,NA,NA.NA,NA,NA.NA,NA,NA.NA,NA,NA.NA,NA,NA,NA,NA,NA,NA,NA,NA
2012-01-01 00:50:00,2012-01-01 00:00:00,2012-01-01,1,1,1,1,2012,15340,1325379000,FALSE,NA,NA,NA,NA,NA,NA,NA,NA,NA,NA,NA,NA,NA,NA,NA,NA,NA,NA,NA,NA,NA,NA,NA,NA,NA,NA,NA,NA,NA,NA,NA,NA,NA,NA,NA,NA,NA,NA,NA,NA,NA,NA,NA,NA,NA,NA,NA,NA,NA,NA,NA,NA,NA,NA,NA,NA,NA,NA,NA,NA,NA,NA,NA,NA,NA,NA,FALSE,NA,NA,TRUE,TRUE,TRUE,TRUE,0,0,0.0631786771964462,0.0366398570151921,0.086854103343465,0.0539913248611217,0.0407224399386608,0,0,0.0286278381046397,0.0142984807864164,0.0458966565349544,0.0281561524998098,0.0224721228299351,FALSE,FALSE,FALSE,FALSE,0,FALSE,0,0,0,2,2,8,8,18,FALSE,0,0,0,0,19,19,42,1,1,FALSE,FALSE,FALSE,0,0,0,0,19,19,42,1,0,NA,0,0,0,0,81,0,89,0,77,0,0,120,0,82,0,69,0,0,1,0,1,0,1,0,NA,NA.NA,NA,NA.NA,NA,NA.NA,NA,NA.NA,NA,NA.NA,NA,NA,NA,NA,NA,NA,NA,NA
2012-01-01 01:00:00,2012-01-01 01:00:00,2012-01-01,1,1,1,1,2012,15340,1325379600,FALSE,NA,NA,NA,NA,NA,NA,NA,NA,NA,NA,NA,NA,NA,NA,NA,NA,NA,NA,NA,NA,NA,NA,NA,NA,NA,NA,NA,NA,NA,NA,NA,NA,NA,NA,NA,NA,NA,NA,NA,NA,NA,NA,NA,NA,NA,NA,NA,NA,NA,NA,NA,NA,NA,NA,NA,NA,NA,NA,NA,NA,NA,NA,NA,NA,NA,NA,FALSE,NA,NA,TRUE,TRUE,TRUE,TRUE,0,0,0.0631786771964462,0.0366398570151921,0.086854103343465,0.0539913248611217,0.0407224399386608,0,0,0.0286278381046397,0.0142984807864164,0.0458966565349544,0.0281561524998098,0.0224721228299351,FALSE,FALSE,FALSE,FALSE,0,FALSE,0,0,0,2,2,8,8,18,FALSE,0,0,0,0,19,19,42,1,1,FALSE,FALSE,FALSE,0,0,0,0,19,19,42,1,0,NA,0,0,0,0,81,0,89,0,77,0,0,120,0,82,0,69,0,0,1,0,1,0,1,0,NA,NA.NA,NA,NA.NA,NA,NA.NA,NA,NA.NA,NA,NA.NA,NA,NA,NA,NA,NA,NA,NA,NA
2012-01-01 01:10:00,2012-01-01 01:00:00,2012-01-01,1,1,1,1,2012,15340,1325380200,FALSE,NA,NA,NA,NA,NA,NA,NA,NA,NA,NA,NA,NA,NA,NA,NA,NA,NA,NA,NA,NA,NA,NA,NA,NA,NA,NA,NA,NA,NA,NA,NA,NA,NA,NA,NA,NA,NA,NA,NA,NA,NA,NA,NA,NA,NA,NA,NA,NA,NA,NA,NA,NA,NA,NA,NA,NA,NA,NA,NA,NA,NA,NA,NA,NA,NA,NA,FALSE,NA,NA,TRUE,TRUE,TRUE,TRUE,0,0,0.0631786771964462,0.0366398570151921,0.086854103343465,0.0539913248611217,0.0407224399386608,0,0,0.0286278381046397,0.0142984807864164,0.0458966565349544,0.0281561524998098,0.0224721228299351,FALSE,FALSE,FALSE,FALSE,0,FALSE,0,0,0,2,2,8,8,18,FALSE,0,0,0,0,19,19,42,1,1,FALSE,FALSE,FALSE,0,0,0,0,19,19,42,1,0,NA,0,0,0,0,81,0,89,0,77,0,0,120,0,82,0,69,0,0,1,0,1,0,1,0,NA,NA.NA,NA,NA.NA,NA,NA.NA,NA,NA.NA,NA,NA.NA,NA,NA,NA,NA,NA,NA,NA,NA
2012-01-01 01:20:00,2012-01-01 01:00:00,2012-01-01,1,1,1,1,2012,15340,1325380800,FALSE,NA,NA,NA,NA,NA,NA,NA,NA,NA,NA,NA,NA,NA,NA,NA,NA,NA,NA,NA,NA,NA,NA,NA,NA,NA,NA,NA,NA,NA,NA,NA,NA,NA,NA,NA,NA,NA,NA,NA,NA,NA,NA,NA,NA,NA,NA,NA,NA,NA,NA,NA,NA,NA,NA,NA,NA,NA,NA,NA,NA,NA,NA,NA,NA,NA,NA,FALSE,NA,NA,TRUE,TRUE,TRUE,TRUE,0,0,0.0631786771964462,0.0366398570151921,0.086854103343465,0.0539913248611217,0.0407224399386608,0,0,0.0286278381046397,0.0142984807864164,0.0458966565349544,0.0281561524998098,0.0224721228299351,FALSE,FALSE,FALSE,FALSE,0,FALSE,0,0,0,2,2,8,8,18,FALSE,0,0,0,0,19,19,42,1,1,FALSE,FALSE,FALSE,0,0,0,0,19,19,42,1,0,NA,0,0,0,0,81,0,89,0,77,0,0,120,0,82,0,69,0,0,1,0,1,0,1,0,NA,NA.NA,NA,NA.NA,NA,NA.NA,NA,NA.NA,NA,NA.NA,NA,NA,NA,NA,NA,NA,NA,NA
2012-01-01 01:30:00,2012-01-01 01:00:00,2012-01-01,1,1,1,1,2012,15340,1325381400,FALSE,NA,NA,NA,NA,NA,NA,NA,NA,NA,NA,NA,NA,NA,NA,NA,NA,NA,NA,NA,NA,NA,NA,NA,NA,NA,NA,NA,NA,NA,NA,NA,NA,NA,NA,NA,NA,NA,NA,NA,NA,NA,NA,NA,NA,NA,NA,NA,NA,NA,NA,NA,NA,NA,NA,NA,NA,NA,NA,NA,NA,NA,NA,NA,NA,NA,NA,FALSE,NA,NA,TRUE,TRUE,TRUE,TRUE,0,0,0.0631786771964462,0.0366398570151921,0.086854103343465,0.0539913248611217,0.0407224399386608,0,0,0.0286278381046397,0.0142984807864164,0.0458966565349544,0.0281561524998098,0.0224721228299351,FALSE,FALSE,FALSE,FALSE,0,FALSE,0,0,0,2,2,8,8,18,FALSE,0,0,0,0,19,19,42,1,1,FALSE,FALSE,FALSE,0,0,0,0,19,19,42,1,0,NA,0,0,0,0,81,0,89,0,77,0,0,120,0,82,0,69,0,0,1,0,1,0,1,0,NA,NA.NA,NA,NA.NA,NA,NA.NA,NA,NA.NA,NA,NA.NA,NA,NA,NA,NA,NA,NA,NA,NA
2012-01-01 01:40:00,2012-01-01 01:00:00,2012-01-01,1,1,1,1,2012,15340,1325382000,FALSE,NA,NA,NA,NA,NA,NA,NA,NA,NA,NA,NA,NA,NA,NA,NA,NA,NA,NA,NA,NA,NA,NA,NA,NA,NA,NA,NA,NA,NA,NA,NA,NA,NA,NA,NA,NA,NA,NA,NA,NA,NA,NA,NA,NA,NA,NA,NA,NA,NA,NA,NA,NA,NA,NA,NA,NA,NA,NA,NA,NA,NA,NA,NA,NA,NA,NA,FALSE,NA,NA,TRUE,TRUE,TRUE,TRUE,0,0,0.0631786771964462,0.0366398570151921,0.086854103343465,0.0539913248611217,0.0407224399386608,0,0,0.0286278381046397,0.0142984807864164,0.0458966565349544,0.0281561524998098,0.0224721228299351,FALSE,FALSE,FALSE,FALSE,0,FALSE,0,0,0,2,2,8,8,18,FALSE,0,0,0,0,19,19,42,1,1,FALSE,FALSE,FALSE,0,0,0,0,19,19,42,1,0,NA,0,0,0,0,81,0,89,0,77,0,0,120,0,82,0,69,0,0,1,0,1,0,1,0,NA,NA.NA,NA,NA.NA,NA,NA.NA,NA,NA.NA,NA,NA.NA,NA,NA,NA,NA,NA,NA,NA,NA
2012-01-01 01:50:00,2012-01-01 01:00:00,2012-01-01,1,1,1,1,2012,15340,1325382600,FALSE,NA,NA,NA,NA,NA,NA,NA,NA,NA,NA,NA,NA,NA,NA,NA,NA,NA,NA,NA,NA,NA,NA,NA,NA,NA,NA,NA,NA,NA,NA,NA,NA,NA,NA,NA,NA,NA,NA,NA,NA,NA,NA,NA,NA,NA,NA,NA,NA,NA,NA,NA,NA,NA,NA,NA,NA,NA,NA,NA,NA,NA,NA,NA,NA,NA,NA,FALSE,NA,NA,TRUE,TRUE,TRUE,TRUE,0,0,0.0631786771964462,0.0366398570151921,0.086854103343465,0.0539913248611217,0.0407224399386608,0,0,0.0286278381046397,0.0142984807864164,0.0458966565349544,0.0281561524998098,0.0224721228299351,FALSE,FALSE,FALSE,FALSE,0,FALSE,0,0,0,2,2,8,8,18,FALSE,0,0,0,0,19,19,42,1,1,FALSE,FALSE,FALSE,0,0,0,0,19,19,42,1,0,NA,0,0,0,0,81,0,89,0,77,0,0,120,0,82,0,69,0,0,1,0,1,0,1,0,NA,NA.NA,NA,NA.NA,NA,NA.NA,NA,NA.NA,NA,NA.NA,NA,NA,NA,NA,NA,NA,NA,NA
2012-01-01 02:00:00,2012-01-01 02:00:00,2012-01-01,1,1,1,1,2012,15340,1325383200,FALSE,NA,NA,NA,NA,NA,NA,NA,NA,NA,NA,NA,NA,NA,NA,NA,NA,NA,NA,NA,NA,NA,NA,NA,NA,NA,NA,NA,NA,NA,NA,NA,NA,NA,NA,NA,NA,NA,NA,NA,NA,NA,NA,NA,NA,NA,NA,NA,NA,NA,NA,NA,NA,NA,NA,NA,NA,NA,NA,NA,NA,NA,NA,NA,NA,NA,NA,FALSE,NA,NA,TRUE,TRUE,TRUE,TRUE,0,0,0.0631786771964462,0.0366398570151921,0.086854103343465,0.0539913248611217,0.0407224399386608,0,0,0.0286278381046397,0.0142984807864164,0.0458966565349544,0.0281561524998098,0.0224721228299351,FALSE,FALSE,FALSE,FALSE,0,FALSE,0,0,0,2,2,8,8,18,FALSE,0,0,0,0,19,19,42,1,1,FALSE,FALSE,FALSE,0,0,0,0,19,19,42,1,0,NA,0,0,0,0,81,0,89,0,77,0,0,120,0,82,0,69,0,0,1,0,1,0,1,0,NA,NA.NA,NA,NA.NA,NA,NA.NA,NA,NA.NA,NA,NA.NA,NA,NA,NA,NA,NA,NA,NA,NA
2012-01-01 02:10:00,2012-01-01 02:00:00,2012-01-01,1,1,1,1,2012,15340,1325383800,FALSE,NA,NA,NA,NA,NA,NA,NA,NA,NA,NA,NA,NA,NA,NA,NA,NA,NA,NA,NA,NA,NA,NA,NA,NA,NA,NA,NA,NA,NA,NA,NA,NA,NA,NA,NA,NA,NA,NA,NA,NA,NA,NA,NA,NA,NA,NA,NA,NA,NA,NA,NA,NA,NA,NA,NA,NA,NA,NA,NA,NA,NA,NA,NA,NA,NA,NA,FALSE,NA,NA,TRUE,TRUE,TRUE,TRUE,0,0,0.0631786771964462,0.0366398570151921,0.086854103343465,0.0539913248611217,0.0407224399386608,0,0,0.0286278381046397,0.0142984807864164,0.0458966565349544,0.0281561524998098,0.0224721228299351,FALSE,FALSE,FALSE,FALSE,0,FALSE,0,0,0,2,2,8,8,18,FALSE,0,0,0,0,19,19,42,1,1,FALSE,FALSE,FALSE,0,0,0,0,19,19,42,1,0,NA,0,0,0,0,81,0,89,0,77,0,0,120,0,82,0,69,0,0,1,0,1,0,1,0,NA,NA.NA,NA,NA.NA,NA,NA.NA,NA,NA.NA,NA,NA.NA,NA,NA,NA,NA,NA,NA,NA,NA
2012-01-01 02:20:00,2012-01-01 02:00:00,2012-01-01,1,1,1,1,2012,15340,1325384400,FALSE,NA,NA,NA,NA,NA,NA,NA,NA,NA,NA,NA,NA,NA,NA,NA,NA,NA,NA,NA,NA,NA,NA,NA,NA,NA,NA,NA,NA,NA,NA,NA,NA,NA,NA,NA,NA,NA,NA,NA,NA,NA,NA,NA,NA,NA,NA,NA,NA,NA,NA,NA,NA,NA,NA,NA,NA,NA,NA,NA,NA,NA,NA,NA,NA,NA,NA,FALSE,NA,NA,TRUE,TRUE,TRUE,TRUE,0,0,0.0631786771964462,0.0366398570151921,0.086854103343465,0.0539913248611217,0.0407224399386608,0,0,0.0286278381046397,0.0142984807864164,0.0458966565349544,0.0281561524998098,0.0224721228299351,FALSE,FALSE,FALSE,FALSE,0,FALSE,0,0,0,2,2,8,8,18,FALSE,0,0,0,0,19,19,42,1,1,FALSE,FALSE,FALSE,0,0,0,0,19,19,42,1,0,NA,0,0,0,0,81,0,89,0,77,0,0,120,0,82,0,69,0,0,1,0,1,0,1,0,NA,NA.NA,NA,NA.NA,NA,NA.NA,NA,NA.NA,NA,NA.NA,NA,NA,NA,NA,NA,NA,NA,NA
2012-01-01 02:30:00,2012-01-01 02:00:00,2012-01-01,1,1,1,1,2012,15340,1325385000,FALSE,NA,NA,NA,NA,NA,NA,NA,NA,NA,NA,NA,NA,NA,NA,NA,NA,NA,NA,NA,NA,NA,NA,NA,NA,NA,NA,NA,NA,NA,NA,NA,NA,NA,NA,NA,NA,NA,NA,NA,NA,NA,NA,NA,NA,NA,NA,NA,NA,NA,NA,NA,NA,NA,NA,NA,NA,NA,NA,NA,NA,NA,NA,NA,NA,NA,NA,FALSE,NA,NA,TRUE,TRUE,TRUE,TRUE,0,0,0.0631786771964462,0.0366398570151921,0.086854103343465,0.0539913248611217,0.0407224399386608,0,0,0.0286278381046397,0.0142984807864164,0.0458966565349544,0.0281561524998098,0.0224721228299351,FALSE,FALSE,FALSE,FALSE,0,FALSE,0,0,0,2,2,8,8,18,FALSE,0,0,0,0,19,19,42,1,1,FALSE,FALSE,FALSE,0,0,0,0,19,19,42,1,0,NA,0,0,0,0,81,0,89,0,77,0,0,120,0,82,0,69,0,0,1,0,1,0,1,0,NA,NA.NA,NA,NA.NA,NA,NA.NA,NA,NA.NA,NA,NA.NA,NA,NA,NA,NA,NA,NA,NA,NA
2012-01-01 02:40:00,2012-01-01 02:00:00,2012-01-01,1,1,1,1,2012,15340,1325385600,FALSE,NA,NA,NA,NA,NA,NA,NA,NA,NA,NA,NA,NA,NA,NA,NA,NA,NA,NA,NA,NA,NA,NA,NA,NA,NA,NA,NA,NA,NA,NA,NA,NA,NA,NA,NA,NA,NA,NA,NA,NA,NA,NA,NA,NA,NA,NA,NA,NA,NA,NA,NA,NA,NA,NA,NA,NA,NA,NA,NA,NA,NA,NA,NA,NA,NA,NA,FALSE,NA,NA,TRUE,TRUE,TRUE,TRUE,0,0,0.0631786771964462,0.0366398570151921,0.086854103343465,0.0539913248611217,0.0407224399386608,0,0,0.0286278381046397,0.0142984807864164,0.0458966565349544,0.0281561524998098,0.0224721228299351,FALSE,FALSE,FALSE,FALSE,0,FALSE,0,0,0,2,2,8,8,18,FALSE,0,0,0,0,19,19,42,1,1,FALSE,FALSE,FALSE,0,0,0,0,19,19,42,1,0,NA,0,0,0,0,81,0,89,0,77,0,0,120,0,82,0,69,0,0,1,0,1,0,1,0,NA,NA.NA,NA,NA.NA,NA,NA.NA,NA,NA.NA,NA,NA.NA,NA,NA,NA,NA,NA,NA,NA,NA
2012-01-01 02:50:00,2012-01-01 02:00:00,2012-01-01,1,1,1,1,2012,15340,1325386200,FALSE,NA,NA,NA,NA,NA,NA,NA,NA,NA,NA,NA,NA,NA,NA,NA,NA,NA,NA,NA,NA,NA,NA,NA,NA,NA,NA,NA,NA,NA,NA,NA,NA,NA,NA,NA,NA,NA,NA,NA,NA,NA,NA,NA,NA,NA,NA,NA,NA,NA,NA,NA,NA,NA,NA,NA,NA,NA,NA,NA,NA,NA,NA,NA,NA,NA,NA,FALSE,NA,NA,TRUE,TRUE,TRUE,TRUE,0,0,0.0631786771964462,0.0366398570151921,0.086854103343465,0.0539913248611217,0.0407224399386608,0,0,0.0286278381046397,0.0142984807864164,0.0458966565349544,0.0281561524998098,0.0224721228299351,FALSE,FALSE,FALSE,FALSE,0,FALSE,0,0,0,2,2,8,8,18,FALSE,0,0,0,0,19,19,42,1,1,FALSE,FALSE,FALSE,0,0,0,0,19,19,42,1,0,NA,0,0,0,0,81,0,89,0,77,0,0,120,0,82,0,69,0,0,1,0,1,0,1,0,NA,NA.NA,NA,NA.NA,NA,NA.NA,NA,NA.NA,NA,NA.NA,NA,NA,NA,NA,NA,NA,NA,NA
2012-01-01 03:00:00,2012-01-01 03:00:00,2012-01-01,1,1,1,1,2012,15340,1325386800,FALSE,NA,NA,NA,NA,NA,NA,NA,NA,NA,NA,NA,NA,NA,NA,NA,NA,NA,NA,NA,NA,NA,NA,NA,NA,NA,NA,NA,NA,NA,NA,NA,NA,NA,NA,NA,NA,NA,NA,NA,NA,NA,NA,NA,NA,NA,NA,NA,NA,NA,NA,NA,NA,NA,NA,NA,NA,NA,NA,NA,NA,NA,NA,NA,NA,NA,NA,FALSE,NA,NA,TRUE,TRUE,TRUE,TRUE,0,0,0.0631786771964462,0.0366398570151921,0.086854103343465,0.0539913248611217,0.0407224399386608,0,0,0.0286278381046397,0.0142984807864164,0.0458966565349544,0.0281561524998098,0.0224721228299351,FALSE,FALSE,FALSE,FALSE,0,FALSE,0,0,0,2,2,8,8,18,FALSE,0,0,0,0,19,19,42,1,1,FALSE,FALSE,FALSE,0,0,0,0,19,19,42,1,0,NA,0,0,0,0,81,0,89,0,77,0,0,120,0,82,0,69,0,0,1,0,1,0,1,0,NA,NA.NA,NA,NA.NA,NA,NA.NA,NA,NA.NA,NA,NA.NA,NA,NA,NA,NA,NA,NA,NA,NA
2012-01-01 03:10:00,2012-01-01 03:00:00,2012-01-01,1,1,1,1,2012,15340,1325387400,FALSE,NA,NA,NA,NA,NA,NA,NA,NA,NA,NA,NA,NA,NA,NA,NA,NA,NA,NA,NA,NA,NA,NA,NA,NA,NA,NA,NA,NA,NA,NA,NA,NA,NA,NA,NA,NA,NA,NA,NA,NA,NA,NA,NA,NA,NA,NA,NA,NA,NA,NA,NA,NA,NA,NA,NA,NA,NA,NA,NA,NA,NA,NA,NA,NA,NA,NA,FALSE,NA,NA,TRUE,TRUE,TRUE,TRUE,0,0,0.0631786771964462,0.0366398570151921,0.086854103343465,0.0539913248611217,0.0407224399386608,0,0,0.0286278381046397,0.0142984807864164,0.0458966565349544,0.0281561524998098,0.0224721228299351,FALSE,FALSE,FALSE,FALSE,0,FALSE,0,0,0,2,2,8,8,18,FALSE,0,0,0,0,19,19,42,1,1,FALSE,FALSE,FALSE,0,0,0,0,19,19,42,1,0,NA,0,0,0,0,81,0,89,0,77,0,0,120,0,82,0,69,0,0,1,0,1,0,1,0,NA,NA.NA,NA,NA.NA,NA,NA.NA,NA,NA.NA,NA,NA.NA,NA,NA,NA,NA,NA,NA,NA,NA
2012-01-01 03:20:00,2012-01-01 03:00:00,2012-01-01,1,1,1,1,2012,15340,1325388000,FALSE,NA,NA,NA,NA,NA,NA,NA,NA,NA,NA,NA,NA,NA,NA,NA,NA,NA,NA,NA,NA,NA,NA,NA,NA,NA,NA,NA,NA,NA,NA,NA,NA,NA,NA,NA,NA,NA,NA,NA,NA,NA,NA,NA,NA,NA,NA,NA,NA,NA,NA,NA,NA,NA,NA,NA,NA,NA,NA,NA,NA,NA,NA,NA,NA,NA,NA,FALSE,NA,NA,TRUE,TRUE,TRUE,TRUE,0,0,0.0631786771964462,0.0366398570151921,0.086854103343465,0.0539913248611217,0.0407224399386608,0,0,0.0286278381046397,0.0142984807864164,0.0458966565349544,0.0281561524998098,0.0224721228299351,FALSE,FALSE,FALSE,FALSE,0,FALSE,0,0,0,2,2,8,8,18,FALSE,0,0,0,0,19,19,42,1,1,FALSE,FALSE,FALSE,0,0,0,0,19,19,42,1,0,NA,0,0,0,0,81,0,89,0,77,0,0,120,0,82,0,69,0,0,1,0,1,0,1,0,NA,NA.NA,NA,NA.NA,NA,NA.NA,NA,NA.NA,NA,NA.NA,NA,NA,NA,NA,NA,NA,NA,NA
2012-01-01 03:30:00,2012-01-01 03:00:00,2012-01-01,1,1,1,1,2012,15340,1325388600,FALSE,NA,NA,NA,NA,NA,NA,NA,NA,NA,NA,NA,NA,NA,NA,NA,NA,NA,NA,NA,NA,NA,NA,NA,NA,NA,NA,NA,NA,NA,NA,NA,NA,NA,NA,NA,NA,NA,NA,NA,NA,NA,NA,NA,NA,NA,NA,NA,NA,NA,NA,NA,NA,NA,NA,NA,NA,NA,NA,NA,NA,NA,NA,NA,NA,NA,NA,FALSE,NA,NA,TRUE,TRUE,TRUE,TRUE,0,0,0.0631786771964462,0.0366398570151921,0.086854103343465,0.0539913248611217,0.0407224399386608,0,0,0.0286278381046397,0.0142984807864164,0.0458966565349544,0.0281561524998098,0.0224721228299351,FALSE,FALSE,FALSE,FALSE,0,FALSE,0,0,0,2,2,8,8,18,FALSE,0,0,0,0,19,19,42,1,1,FALSE,FALSE,FALSE,0,0,0,0,19,19,42,1,0,NA,0,0,0,0,81,0,89,0,77,0,0,120,0,82,0,69,0,0,1,0,1,0,1,0,NA,NA.NA,NA,NA.NA,NA,NA.NA,NA,NA.NA,NA,NA.NA,NA,NA,NA,NA,NA,NA,NA,NA
2012-01-01 03:40:00,2012-01-01 03:00:00,2012-01-01,1,1,1,1,2012,15340,1325389200,FALSE,NA,NA,NA,NA,NA,NA,NA,NA,NA,NA,NA,NA,NA,NA,NA,NA,NA,NA,NA,NA,NA,NA,NA,NA,NA,NA,NA,NA,NA,NA,NA,NA,NA,NA,NA,NA,NA,NA,NA,NA,NA,NA,NA,NA,NA,NA,NA,NA,NA,NA,NA,NA,NA,NA,NA,NA,NA,NA,NA,NA,NA,NA,NA,NA,NA,NA,FALSE,NA,NA,TRUE,TRUE,TRUE,TRUE,0,0,0.0631786771964462,0.0366398570151921,0.086854103343465,0.0539913248611217,0.0407224399386608,0,0,0.0286278381046397,0.0142984807864164,0.0458966565349544,0.0281561524998098,0.0224721228299351,FALSE,FALSE,FALSE,FALSE,0,FALSE,0,0,0,2,2,8,8,18,FALSE,0,0,0,0,19,19,42,1,1,FALSE,FALSE,FALSE,0,0,0,0,19,19,42,1,0,NA,0,0,0,0,81,0,89,0,77,0,0,120,0,82,0,69,0,0,1,0,1,0,1,0,NA,NA.NA,NA,NA.NA,NA,NA.NA,NA,NA.NA,NA,NA.NA,NA,NA,NA,NA,NA,NA,NA,NA
2012-01-01 03:50:00,2012-01-01 03:00:00,2012-01-01,1,1,1,1,2012,15340,1325389800,FALSE,NA,NA,NA,NA,NA,NA,NA,NA,NA,NA,NA,NA,NA,NA,NA,NA,NA,NA,NA,NA,NA,NA,NA,NA,NA,NA,NA,NA,NA,NA,NA,NA,NA,NA,NA,NA,NA,NA,NA,NA,NA,NA,NA,NA,NA,NA,NA,NA,NA,NA,NA,NA,NA,NA,NA,NA,NA,NA,NA,NA,NA,NA,NA,NA,NA,NA,FALSE,NA,NA,TRUE,TRUE,TRUE,TRUE,0,0,0.0631786771964462,0.0366398570151921,0.086854103343465,0.0539913248611217,0.0407224399386608,0,0,0.0286278381046397,0.0142984807864164,0.0458966565349544,0.0281561524998098,0.0224721228299351,FALSE,FALSE,FALSE,FALSE,0,FALSE,0,0,0,2,2,8,8,18,FALSE,0,0,0,0,19,19,42,1,1,FALSE,FALSE,FALSE,0,0,0,0,19,19,42,1,0,NA,0,0,0,0,81,0,89,0,77,0,0,120,0,82,0,69,0,0,1,0,1,0,1,0,NA,NA.NA,NA,NA.NA,NA,NA.NA,NA,NA.NA,NA,NA.NA,NA,NA,NA,NA,NA,NA,NA,NA
2012-01-01 04:00:00,2012-01-01 04:00:00,2012-01-01,1,1,1,1,2012,15340,1325390400,FALSE,NA,NA,NA,NA,NA,NA,NA,NA,NA,NA,NA,NA,NA,NA,NA,NA,NA,NA,NA,NA,NA,NA,NA,NA,NA,NA,NA,NA,NA,NA,NA,NA,NA,NA,NA,NA,NA,NA,NA,NA,NA,NA,NA,NA,NA,NA,NA,NA,NA,NA,NA,NA,NA,NA,NA,NA,NA,NA,NA,NA,NA,NA,NA,NA,NA,NA,FALSE,NA,NA,TRUE,TRUE,TRUE,TRUE,0,0,0.0631786771964462,0.0366398570151921,0.086854103343465,0.0539913248611217,0.0407224399386608,0,0,0.0286278381046397,0.0142984807864164,0.0458966565349544,0.0281561524998098,0.0224721228299351,FALSE,FALSE,FALSE,FALSE,0,FALSE,0,0,0,2,2,8,8,18,FALSE,0,0,0,0,19,19,42,1,1,FALSE,FALSE,FALSE,0,0,0,0,19,19,42,1,0,NA,0,0,0,0,81,0,89,0,77,0,0,120,0,82,0,69,0,0,1,0,1,0,1,0,NA,NA.NA,NA,NA.NA,NA,NA.NA,NA,NA.NA,NA,NA.NA,NA,NA,NA,NA,NA,NA,NA,NA
2012-01-01 04:10:00,2012-01-01 04:00:00,2012-01-01,1,1,1,1,2012,15340,1325391000,FALSE,NA,NA,NA,NA,NA,NA,NA,NA,NA,NA,NA,NA,NA,NA,NA,NA,NA,NA,NA,NA,NA,NA,NA,NA,NA,NA,NA,NA,NA,NA,NA,NA,NA,NA,NA,NA,NA,NA,NA,NA,NA,NA,NA,NA,NA,NA,NA,NA,NA,NA,NA,NA,NA,NA,NA,NA,NA,NA,NA,NA,NA,NA,NA,NA,NA,NA,FALSE,NA,NA,TRUE,TRUE,TRUE,TRUE,0,0,0.0631786771964462,0.0366398570151921,0.086854103343465,0.0539913248611217,0.0407224399386608,0,0,0.0286278381046397,0.0142984807864164,0.0458966565349544,0.0281561524998098,0.0224721228299351,FALSE,FALSE,FALSE,FALSE,0,FALSE,0,0,0,2,2,8,8,18,FALSE,0,0,0,0,19,19,42,1,1,FALSE,FALSE,FALSE,0,0,0,0,19,19,42,1,0,NA,0,0,0,0,81,0,89,0,77,0,0,120,0,82,0,69,0,0,1,0,1,0,1,0,NA,NA.NA,NA,NA.NA,NA,NA.NA,NA,NA.NA,NA,NA.NA,NA,NA,NA,NA,NA,NA,NA,NA
2012-01-01 04:20:00,2012-01-01 04:00:00,2012-01-01,1,1,1,1,2012,15340,1325391600,FALSE,NA,NA,NA,NA,NA,NA,NA,NA,NA,NA,NA,NA,NA,NA,NA,NA,NA,NA,NA,NA,NA,NA,NA,NA,NA,NA,NA,NA,NA,NA,NA,NA,NA,NA,NA,NA,NA,NA,NA,NA,NA,NA,NA,NA,NA,NA,NA,NA,NA,NA,NA,NA,NA,NA,NA,NA,NA,NA,NA,NA,NA,NA,NA,NA,NA,NA,FALSE,NA,NA,TRUE,TRUE,TRUE,TRUE,0,0,0.0631786771964462,0.0366398570151921,0.086854103343465,0.0539913248611217,0.0407224399386608,0,0,0.0286278381046397,0.0142984807864164,0.0458966565349544,0.0281561524998098,0.0224721228299351,FALSE,FALSE,FALSE,FALSE,0,FALSE,0,0,0,2,2,8,8,18,FALSE,0,0,0,0,19,19,42,1,1,FALSE,FALSE,FALSE,0,0,0,0,19,19,42,1,0,NA,0,0,0,0,81,0,89,0,77,0,0,120,0,82,0,69,0,0,1,0,1,0,1,0,NA,NA.NA,NA,NA.NA,NA,NA.NA,NA,NA.NA,NA,NA.NA,NA,NA,NA,NA,NA,NA,NA,NA
2012-01-01 04:30:00,2012-01-01 04:00:00,2012-01-01,1,1,1,1,2012,15340,1325392200,FALSE,NA,NA,NA,NA,NA,NA,NA,NA,NA,NA,NA,NA,NA,NA,NA,NA,NA,NA,NA,NA,NA,NA,NA,NA,NA,NA,NA,NA,NA,NA,NA,NA,NA,NA,NA,NA,NA,NA,NA,NA,NA,NA,NA,NA,NA,NA,NA,NA,NA,NA,NA,NA,NA,NA,NA,NA,NA,NA,NA,NA,NA,NA,NA,NA,NA,NA,FALSE,NA,NA,TRUE,TRUE,TRUE,TRUE,0,0,0.0631786771964462,0.0366398570151921,0.086854103343465,0.0539913248611217,0.0407224399386608,0,0,0.0286278381046397,0.0142984807864164,0.0458966565349544,0.0281561524998098,0.0224721228299351,FALSE,FALSE,FALSE,FALSE,0,FALSE,0,0,0,2,2,8,8,18,FALSE,0,0,0,0,19,19,42,1,1,FALSE,FALSE,FALSE,0,0,0,0,19,19,42,1,0,NA,0,0,0,0,81,0,89,0,77,0,0,120,0,82,0,69,0,0,1,0,1,0,1,0,NA,NA.NA,NA,NA.NA,NA,NA.NA,NA,NA.NA,NA,NA.NA,NA,NA,NA,NA,NA,NA,NA,NA
2012-01-01 04:40:00,2012-01-01 04:00:00,2012-01-01,1,1,1,1,2012,15340,1325392800,FALSE,NA,NA,NA,NA,NA,NA,NA,NA,NA,NA,NA,NA,NA,NA,NA,NA,NA,NA,NA,NA,NA,NA,NA,NA,NA,NA,NA,NA,NA,NA,NA,NA,NA,NA,NA,NA,NA,NA,NA,NA,NA,NA,NA,NA,NA,NA,NA,NA,NA,NA,NA,NA,NA,NA,NA,NA,NA,NA,NA,NA,NA,NA,NA,NA,NA,NA,FALSE,NA,NA,TRUE,TRUE,TRUE,TRUE,0,0,0.0631786771964462,0.0366398570151921,0.086854103343465,0.0539913248611217,0.0407224399386608,0,0,0.0286278381046397,0.0142984807864164,0.0458966565349544,0.0281561524998098,0.0224721228299351,FALSE,FALSE,FALSE,FALSE,0,FALSE,0,0,0,2,2,8,8,18,FALSE,0,0,0,0,19,19,42,1,1,FALSE,FALSE,FALSE,0,0,0,0,19,19,42,1,0,NA,0,0,0,0,81,0,89,0,77,0,0,120,0,82,0,69,0,0,1,0,1,0,1,0,NA,NA.NA,NA,NA.NA,NA,NA.NA,NA,NA.NA,NA,NA.NA,NA,NA,NA,NA,NA,NA,NA,NA
2012-01-01 04:50:00,2012-01-01 04:00:00,2012-01-01,1,1,1,1,2012,15340,1325393400,FALSE,NA,NA,NA,NA,NA,NA,NA,NA,NA,NA,NA,NA,NA,NA,NA,NA,NA,NA,NA,NA,NA,NA,NA,NA,NA,NA,NA,NA,NA,NA,NA,NA,NA,NA,NA,NA,NA,NA,NA,NA,NA,NA,NA,NA,NA,NA,NA,NA,NA,NA,NA,NA,NA,NA,NA,NA,NA,NA,NA,NA,NA,NA,NA,NA,NA,NA,FALSE,NA,NA,TRUE,TRUE,TRUE,TRUE,0,0,0.0631786771964462,0.0366398570151921,0.086854103343465,0.0539913248611217,0.0407224399386608,0,0,0.0286278381046397,0.0142984807864164,0.0458966565349544,0.0281561524998098,0.0224721228299351,FALSE,FALSE,FALSE,FALSE,0,FALSE,0,0,0,2,2,8,8,18,FALSE,0,0,0,0,19,19,42,1,1,FALSE,FALSE,FALSE,0,0,0,0,19,19,42,1,0,NA,0,0,0,0,81,0,89,0,77,0,0,120,0,82,0,69,0,0,1,0,1,0,1,0,NA,NA.NA,NA,NA.NA,NA,NA.NA,NA,NA.NA,NA,NA.NA,NA,NA,NA,NA,NA,NA,NA,NA
2012-01-01 05:00:00,2012-01-01 05:00:00,2012-01-01,1,1,1,1,2012,15340,1325394000,FALSE,NA,NA,NA,NA,NA,NA,NA,NA,NA,NA,NA,NA,NA,NA,NA,NA,NA,NA,NA,NA,NA,NA,NA,NA,NA,NA,NA,NA,NA,NA,NA,NA,NA,NA,NA,NA,NA,NA,NA,NA,NA,NA,NA,NA,NA,NA,NA,NA,NA,NA,NA,NA,NA,NA,NA,NA,NA,NA,NA,NA,NA,NA,NA,NA,NA,NA,FALSE,NA,NA,TRUE,TRUE,TRUE,TRUE,0,0,0.0631786771964462,0.0366398570151921,0.086854103343465,0.0539913248611217,0.0407224399386608,0,0,0.0286278381046397,0.0142984807864164,0.0458966565349544,0.0281561524998098,0.0224721228299351,FALSE,FALSE,FALSE,FALSE,0,FALSE,0,0,0,2,2,8,8,18,FALSE,0,0,0,0,19,19,42,1,1,FALSE,FALSE,FALSE,0,0,0,0,19,19,42,1,0,NA,0,0,0,0,81,0,89,0,77,0,0,120,0,82,0,69,0,0,1,0,1,0,1,0,NA,NA.NA,NA,NA.NA,NA,NA.NA,NA,NA.NA,NA,NA.NA,NA,NA,NA,NA,NA,NA,NA,NA
2012-01-01 05:10:00,2012-01-01 05:00:00,2012-01-01,1,1,1,1,2012,15340,1325394600,FALSE,NA,NA,NA,NA,NA,NA,NA,NA,NA,NA,NA,NA,NA,NA,NA,NA,NA,NA,NA,NA,NA,NA,NA,NA,NA,NA,NA,NA,NA,NA,NA,NA,NA,NA,NA,NA,NA,NA,NA,NA,NA,NA,NA,NA,NA,NA,NA,NA,NA,NA,NA,NA,NA,NA,NA,NA,NA,NA,NA,NA,NA,NA,NA,NA,NA,NA,FALSE,NA,NA,TRUE,TRUE,TRUE,TRUE,0,0,0.0631786771964462,0.0366398570151921,0.086854103343465,0.0539913248611217,0.0407224399386608,0,0,0.0286278381046397,0.0142984807864164,0.0458966565349544,0.0281561524998098,0.0224721228299351,FALSE,FALSE,FALSE,FALSE,0,FALSE,0,0,0,2,2,8,8,18,FALSE,0,0,0,0,19,19,42,1,1,FALSE,FALSE,FALSE,0,0,0,0,19,19,42,1,0,NA,0,0,0,0,81,0,89,0,77,0,0,120,0,82,0,69,0,0,1,0,1,0,1,0,NA,NA.NA,NA,NA.NA,NA,NA.NA,NA,NA.NA,NA,NA.NA,NA,NA,NA,NA,NA,NA,NA,NA
2012-01-01 05:20:00,2012-01-01 05:00:00,2012-01-01,1,1,1,1,2012,15340,1325395200,FALSE,NA,NA,NA,NA,NA,NA,NA,NA,NA,NA,NA,NA,NA,NA,NA,NA,NA,NA,NA,NA,NA,NA,NA,NA,NA,NA,NA,NA,NA,NA,NA,NA,NA,NA,NA,NA,NA,NA,NA,NA,NA,NA,NA,NA,NA,NA,NA,NA,NA,NA,NA,NA,NA,NA,NA,NA,NA,NA,NA,NA,NA,NA,NA,NA,NA,NA,FALSE,NA,NA,TRUE,TRUE,TRUE,TRUE,0,0,0.0631786771964462,0.0366398570151921,0.086854103343465,0.0539913248611217,0.0407224399386608,0,0,0.0286278381046397,0.0142984807864164,0.0458966565349544,0.0281561524998098,0.0224721228299351,FALSE,FALSE,FALSE,FALSE,0,FALSE,0,0,0,2,2,8,8,18,FALSE,0,0,0,0,19,19,42,1,1,FALSE,FALSE,FALSE,0,0,0,0,19,19,42,1,0,NA,0,0,0,0,81,0,89,0,77,0,0,120,0,82,0,69,0,0,1,0,1,0,1,0,NA,NA.NA,NA,NA.NA,NA,NA.NA,NA,NA.NA,NA,NA.NA,NA,NA,NA,NA,NA,NA,NA,NA
2012-01-01 05:30:00,2012-01-01 05:00:00,2012-01-01,1,1,1,1,2012,15340,1325395800,FALSE,NA,NA,NA,NA,NA,NA,NA,NA,NA,NA,NA,NA,NA,NA,NA,NA,NA,NA,NA,NA,NA,NA,NA,NA,NA,NA,NA,NA,NA,NA,NA,NA,NA,NA,NA,NA,NA,NA,NA,NA,NA,NA,NA,NA,NA,NA,NA,NA,NA,NA,NA,NA,NA,NA,NA,NA,NA,NA,NA,NA,NA,NA,NA,NA,NA,NA,FALSE,NA,NA,TRUE,TRUE,TRUE,TRUE,0,0,0.0631786771964462,0.0366398570151921,0.086854103343465,0.0539913248611217,0.0407224399386608,0,0,0.0286278381046397,0.0142984807864164,0.0458966565349544,0.0281561524998098,0.0224721228299351,FALSE,FALSE,FALSE,FALSE,0,FALSE,0,0,0,2,2,8,8,18,FALSE,0,0,0,0,19,19,42,1,1,FALSE,FALSE,FALSE,0,0,0,0,19,19,42,1,0,NA,0,0,0,0,81,0,89,0,77,0,0,120,0,82,0,69,0,0,1,0,1,0,1,0,NA,NA.NA,NA,NA.NA,NA,NA.NA,NA,NA.NA,NA,NA.NA,NA,NA,NA,NA,NA,NA,NA,NA
2012-01-01 05:40:00,2012-01-01 05:00:00,2012-01-01,1,1,1,1,2012,15340,1325396400,FALSE,NA,NA,NA,NA,NA,NA,NA,NA,NA,NA,NA,NA,NA,NA,NA,NA,NA,NA,NA,NA,NA,NA,NA,NA,NA,NA,NA,NA,NA,NA,NA,NA,NA,NA,NA,NA,NA,NA,NA,NA,NA,NA,NA,NA,NA,NA,NA,NA,NA,NA,NA,NA,NA,NA,NA,NA,NA,NA,NA,NA,NA,NA,NA,NA,NA,NA,FALSE,NA,NA,TRUE,TRUE,TRUE,TRUE,0,0,0.0631786771964462,0.0366398570151921,0.086854103343465,0.0539913248611217,0.0407224399386608,0,0,0.0286278381046397,0.0142984807864164,0.0458966565349544,0.0281561524998098,0.0224721228299351,FALSE,FALSE,FALSE,FALSE,0,FALSE,0,0,0,2,2,8,8,18,FALSE,0,0,0,0,19,19,42,1,1,FALSE,FALSE,FALSE,0,0,0,0,19,19,42,1,0,NA,0,0,0,0,81,0,89,0,77,0,0,120,0,82,0,69,0,0,1,0,1,0,1,0,NA,NA.NA,NA,NA.NA,NA,NA.NA,NA,NA.NA,NA,NA.NA,NA,NA,NA,NA,NA,NA,NA,NA
2012-01-01 05:50:00,2012-01-01 05:00:00,2012-01-01,1,1,1,1,2012,15340,1325397000,FALSE,NA,NA,NA,NA,NA,NA,NA,NA,NA,NA,NA,NA,NA,NA,NA,NA,NA,NA,NA,NA,NA,NA,NA,NA,NA,NA,NA,NA,NA,NA,NA,NA,NA,NA,NA,NA,NA,NA,NA,NA,NA,NA,NA,NA,NA,NA,NA,NA,NA,NA,NA,NA,NA,NA,NA,NA,NA,NA,NA,NA,NA,NA,NA,NA,NA,NA,FALSE,NA,NA,TRUE,TRUE,TRUE,TRUE,0,0,0.0631786771964462,0.0366398570151921,0.086854103343465,0.0539913248611217,0.0407224399386608,0,0,0.0286278381046397,0.0142984807864164,0.0458966565349544,0.0281561524998098,0.0224721228299351,FALSE,FALSE,FALSE,FALSE,0,FALSE,0,0,0,2,2,8,8,18,FALSE,0,0,0,0,19,19,42,1,1,FALSE,FALSE,FALSE,0,0,0,0,19,19,42,1,0,NA,0,0,0,0,81,0,89,0,77,0,0,120,0,82,0,69,0,0,1,0,1,0,1,0,NA,NA.NA,NA,NA.NA,NA,NA.NA,NA,NA.NA,NA,NA.NA,NA,NA,NA,NA,NA,NA,NA,NA
2012-01-01 06:00:00,2012-01-01 06:00:00,2012-01-01,1,1,1,1,2012,15340,1325397600,FALSE,NA,NA,NA,NA,NA,NA,NA,NA,NA,NA,NA,NA,NA,NA,NA,NA,NA,NA,NA,NA,NA,NA,NA,NA,NA,NA,NA,NA,NA,NA,NA,NA,NA,NA,NA,NA,NA,NA,NA,NA,NA,NA,NA,NA,NA,NA,NA,NA,NA,NA,NA,NA,NA,NA,NA,NA,NA,NA,NA,NA,NA,NA,NA,NA,NA,NA,FALSE,NA,NA,TRUE,TRUE,TRUE,TRUE,0,0,0.0631786771964462,0.0366398570151921,0.086854103343465,0.0539913248611217,0.0407224399386608,0,0,0.0286278381046397,0.0142984807864164,0.0458966565349544,0.0281561524998098,0.0224721228299351,FALSE,FALSE,FALSE,FALSE,0,FALSE,0,0,0,2,2,8,8,18,FALSE,0,0,0,0,19,19,42,1,1,FALSE,FALSE,FALSE,0,0,0,0,19,19,42,1,0,NA,0,0,0,0,81,0,89,0,77,0,0,120,0,82,0,69,0,0,1,0,1,0,1,0,NA,NA.NA,NA,NA.NA,NA,NA.NA,NA,NA.NA,NA,NA.NA,NA,NA,NA,NA,NA,NA,NA,NA
2012-01-01 06:10:00,2012-01-01 06:00:00,2012-01-01,1,1,1,1,2012,15340,1325398200,FALSE,NA,NA,NA,NA,NA,NA,NA,NA,NA,NA,NA,NA,NA,NA,NA,NA,NA,NA,NA,NA,NA,NA,NA,NA,NA,NA,NA,NA,NA,NA,NA,NA,NA,NA,NA,NA,NA,NA,NA,NA,NA,NA,NA,NA,NA,NA,NA,NA,NA,NA,NA,NA,NA,NA,NA,NA,NA,NA,NA,NA,NA,NA,NA,NA,NA,NA,FALSE,NA,NA,TRUE,TRUE,TRUE,TRUE,0,0,0.0631786771964462,0.0366398570151921,0.086854103343465,0.0539913248611217,0.0407224399386608,0,0,0.0286278381046397,0.0142984807864164,0.0458966565349544,0.0281561524998098,0.0224721228299351,FALSE,FALSE,FALSE,FALSE,0,FALSE,0,0,0,2,2,8,8,18,FALSE,0,0,0,0,19,19,42,1,1,FALSE,FALSE,FALSE,0,0,0,0,19,19,42,1,0,NA,0,0,0,0,81,0,89,0,77,0,0,120,0,82,0,69,0,0,1,0,1,0,1,0,NA,NA.NA,NA,NA.NA,NA,NA.NA,NA,NA.NA,NA,NA.NA,NA,NA,NA,NA,NA,NA,NA,NA
2012-01-01 06:20:00,2012-01-01 06:00:00,2012-01-01,1,1,1,1,2012,15340,1325398800,FALSE,NA,NA,NA,NA,NA,NA,NA,NA,NA,NA,NA,NA,NA,NA,NA,NA,NA,NA,NA,NA,NA,NA,NA,NA,NA,NA,NA,NA,NA,NA,NA,NA,NA,NA,NA,NA,NA,NA,NA,NA,NA,NA,NA,NA,NA,NA,NA,NA,NA,NA,NA,NA,NA,NA,NA,NA,NA,NA,NA,NA,NA,NA,NA,NA,NA,NA,FALSE,NA,NA,TRUE,TRUE,TRUE,TRUE,0,0,0.0631786771964462,0.0366398570151921,0.086854103343465,0.0539913248611217,0.0407224399386608,0,0,0.0286278381046397,0.0142984807864164,0.0458966565349544,0.0281561524998098,0.0224721228299351,FALSE,FALSE,FALSE,FALSE,0,FALSE,0,0,0,2,2,8,8,18,FALSE,0,0,0,0,19,19,42,1,1,FALSE,FALSE,FALSE,0,0,0,0,19,19,42,1,0,NA,0,0,0,0,81,0,89,0,77,0,0,120,0,82,0,69,0,0,1,0,1,0,1,0,NA,NA.NA,NA,NA.NA,NA,NA.NA,NA,NA.NA,NA,NA.NA,NA,NA,NA,NA,NA,NA,NA,NA
2012-01-01 06:30:00,2012-01-01 06:00:00,2012-01-01,1,1,1,1,2012,15340,1325399400,FALSE,NA,NA,NA,NA,NA,NA,NA,NA,NA,NA,NA,NA,NA,NA,NA,NA,NA,NA,NA,NA,NA,NA,NA,NA,NA,NA,NA,NA,NA,NA,NA,NA,NA,NA,NA,NA,NA,NA,NA,NA,NA,NA,NA,NA,NA,NA,NA,NA,NA,NA,NA,NA,NA,NA,NA,NA,NA,NA,NA,NA,NA,NA,NA,NA,NA,NA,FALSE,NA,NA,TRUE,TRUE,TRUE,TRUE,0,0,0.0631786771964462,0.0366398570151921,0.086854103343465,0.0539913248611217,0.0407224399386608,0,0,0.0286278381046397,0.0142984807864164,0.0458966565349544,0.0281561524998098,0.0224721228299351,FALSE,FALSE,FALSE,FALSE,0,FALSE,0,0,0,2,2,8,8,18,FALSE,0,0,0,0,19,19,42,1,1,FALSE,FALSE,FALSE,0,0,0,0,19,19,42,1,0,NA,0,0,0,0,81,0,89,0,77,0,0,120,0,82,0,69,0,0,1,0,1,0,1,0,NA,NA.NA,NA,NA.NA,NA,NA.NA,NA,NA.NA,NA,NA.NA,NA,NA,NA,NA,NA,NA,NA,NA
2012-01-01 06:40:00,2012-01-01 06:00:00,2012-01-01,1,1,1,1,2012,15340,1325400000,FALSE,NA,NA,NA,NA,NA,NA,NA,NA,NA,NA,NA,NA,NA,NA,NA,NA,NA,NA,NA,NA,NA,NA,NA,NA,NA,NA,NA,NA,NA,NA,NA,NA,NA,NA,NA,NA,NA,NA,NA,NA,NA,NA,NA,NA,NA,NA,NA,NA,NA,NA,NA,NA,NA,NA,NA,NA,NA,NA,NA,NA,NA,NA,NA,NA,NA,NA,FALSE,NA,NA,TRUE,TRUE,TRUE,TRUE,0,0,0.0631786771964462,0.0366398570151921,0.086854103343465,0.0539913248611217,0.0407224399386608,0,0,0.0286278381046397,0.0142984807864164,0.0458966565349544,0.0281561524998098,0.0224721228299351,FALSE,FALSE,FALSE,FALSE,0,FALSE,0,0,0,2,2,8,8,18,FALSE,0,0,0,0,19,19,42,1,1,FALSE,FALSE,FALSE,0,0,0,0,19,19,42,1,0,NA,0,0,0,0,81,0,89,0,77,0,0,120,0,82,0,69,0,0,1,0,1,0,1,0,NA,NA.NA,NA,NA.NA,NA,NA.NA,NA,NA.NA,NA,NA.NA,NA,NA,NA,NA,NA,NA,NA,NA
2012-01-01 06:50:00,2012-01-01 06:00:00,2012-01-01,1,1,1,1,2012,15340,1325400600,FALSE,NA,NA,NA,NA,NA,NA,NA,NA,NA,NA,NA,NA,NA,NA,NA,NA,NA,NA,NA,NA,NA,NA,NA,NA,NA,NA,NA,NA,NA,NA,NA,NA,NA,NA,NA,NA,NA,NA,NA,NA,NA,NA,NA,NA,NA,NA,NA,NA,NA,NA,NA,NA,NA,NA,NA,NA,NA,NA,NA,NA,NA,NA,NA,NA,NA,NA,FALSE,NA,NA,TRUE,TRUE,TRUE,TRUE,0,0,0.0631786771964462,0.0366398570151921,0.086854103343465,0.0539913248611217,0.0407224399386608,0,0,0.0286278381046397,0.0142984807864164,0.0458966565349544,0.0281561524998098,0.0224721228299351,FALSE,FALSE,FALSE,FALSE,0,FALSE,0,0,0,2,2,8,8,18,FALSE,0,0,0,0,19,19,42,1,1,FALSE,FALSE,FALSE,0,0,0,0,19,19,42,1,0,NA,0,0,0,0,81,0,89,0,77,0,0,120,0,82,0,69,0,0,1,0,1,0,1,0,NA,NA.NA,NA,NA.NA,NA,NA.NA,NA,NA.NA,NA,NA.NA,NA,NA,NA,NA,NA,NA,NA,NA
2012-01-01 07:00:00,2012-01-01 07:00:00,2012-01-01,1,1,1,1,2012,15340,1325401200,FALSE,NA,NA,NA,NA,NA,NA,NA,NA,NA,NA,NA,NA,NA,NA,NA,NA,NA,NA,NA,NA,NA,NA,NA,NA,NA,NA,NA,NA,NA,NA,NA,NA,NA,NA,NA,NA,NA,NA,NA,NA,NA,NA,NA,NA,NA,NA,NA,NA,NA,NA,NA,NA,NA,NA,NA,NA,NA,NA,NA,NA,NA,NA,NA,NA,NA,NA,FALSE,NA,NA,TRUE,TRUE,TRUE,TRUE,0,0,0.0631786771964462,0.0366398570151921,0.086854103343465,0.0539913248611217,0.0407224399386608,0,0,0.0286278381046397,0.0142984807864164,0.0458966565349544,0.0281561524998098,0.0224721228299351,FALSE,FALSE,FALSE,FALSE,0,FALSE,0,0,0,2,2,8,8,18,FALSE,0,0,0,0,19,19,42,1,1,FALSE,FALSE,FALSE,0,0,0,0,19,19,42,1,0,NA,0,0,0,0,81,0,89,0,77,0,0,120,0,82,0,69,0,0,1,0,1,0,1,0,NA,NA.NA,NA,NA.NA,NA,NA.NA,NA,NA.NA,NA,NA.NA,NA,NA,NA,NA,NA,NA,NA,NA
2012-01-01 07:10:00,2012-01-01 07:00:00,2012-01-01,1,1,1,1,2012,15340,1325401800,FALSE,NA,NA,NA,NA,NA,NA,NA,NA,NA,NA,NA,NA,NA,NA,NA,NA,NA,NA,NA,NA,NA,NA,NA,NA,NA,NA,NA,NA,NA,NA,NA,NA,NA,NA,NA,NA,NA,NA,NA,NA,NA,NA,NA,NA,NA,NA,NA,NA,NA,NA,NA,NA,NA,NA,NA,NA,NA,NA,NA,NA,NA,NA,NA,NA,NA,NA,FALSE,NA,NA,TRUE,TRUE,TRUE,TRUE,0,0,0.0631786771964462,0.0366398570151921,0.086854103343465,0.0539913248611217,0.0407224399386608,0,0,0.0286278381046397,0.0142984807864164,0.0458966565349544,0.0281561524998098,0.0224721228299351,FALSE,FALSE,FALSE,FALSE,0,FALSE,0,0,0,2,2,8,8,18,FALSE,0,0,0,0,19,19,42,1,1,FALSE,FALSE,FALSE,0,0,0,0,19,19,42,1,0,NA,0,0,0,0,81,0,89,0,77,0,0,120,0,82,0,69,0,0,1,0,1,0,1,0,NA,NA.NA,NA,NA.NA,NA,NA.NA,NA,NA.NA,NA,NA.NA,NA,NA,NA,NA,NA,NA,NA,NA
2012-01-01 07:20:00,2012-01-01 07:00:00,2012-01-01,1,1,1,1,2012,15340,1325402400,FALSE,NA,NA,NA,NA,NA,NA,NA,NA,NA,NA,NA,NA,NA,NA,NA,NA,NA,NA,NA,NA,NA,NA,NA,NA,NA,NA,NA,NA,NA,NA,NA,NA,NA,NA,NA,NA,NA,NA,NA,NA,NA,NA,NA,NA,NA,NA,NA,NA,NA,NA,NA,NA,NA,NA,NA,NA,NA,NA,NA,NA,NA,NA,NA,NA,NA,NA,FALSE,NA,NA,TRUE,TRUE,TRUE,TRUE,0,0,0.0631786771964462,0.0366398570151921,0.086854103343465,0.0539913248611217,0.0407224399386608,0,0,0.0286278381046397,0.0142984807864164,0.0458966565349544,0.0281561524998098,0.0224721228299351,FALSE,FALSE,FALSE,FALSE,0,FALSE,0,0,0,2,2,8,8,18,FALSE,0,0,0,0,19,19,42,1,1,FALSE,FALSE,FALSE,0,0,0,0,19,19,42,1,0,NA,0,0,0,0,81,0,89,0,77,0,0,120,0,82,0,69,0,0,1,0,1,0,1,0,NA,NA.NA,NA,NA.NA,NA,NA.NA,NA,NA.NA,NA,NA.NA,NA,NA,NA,NA,NA,NA,NA,NA
2012-01-01 07:30:00,2012-01-01 07:00:00,2012-01-01,1,1,1,1,2012,15340,1325403000,FALSE,NA,NA,NA,NA,NA,NA,NA,NA,NA,NA,NA,NA,NA,NA,NA,NA,NA,NA,NA,NA,NA,NA,NA,NA,NA,NA,NA,NA,NA,NA,NA,NA,NA,NA,NA,NA,NA,NA,NA,NA,NA,NA,NA,NA,NA,NA,NA,NA,NA,NA,NA,NA,NA,NA,NA,NA,NA,NA,NA,NA,NA,NA,NA,NA,NA,NA,FALSE,NA,NA,TRUE,TRUE,TRUE,TRUE,0,0,0.0631786771964462,0.0366398570151921,0.086854103343465,0.0539913248611217,0.0407224399386608,0,0,0.0286278381046397,0.0142984807864164,0.0458966565349544,0.0281561524998098,0.0224721228299351,FALSE,FALSE,FALSE,FALSE,0,FALSE,0,0,0,2,2,8,8,18,FALSE,0,0,0,0,19,19,42,1,1,FALSE,FALSE,FALSE,0,0,0,0,19,19,42,1,0,NA,0,0,0,0,81,0,89,0,77,0,0,120,0,82,0,69,0,0,1,0,1,0,1,0,NA,NA.NA,NA,NA.NA,NA,NA.NA,NA,NA.NA,NA,NA.NA,NA,NA,NA,NA,NA,NA,NA,NA
2012-01-01 07:40:00,2012-01-01 07:00:00,2012-01-01,1,1,1,1,2012,15340,1325403600,FALSE,NA,NA,NA,NA,NA,NA,NA,NA,NA,NA,NA,NA,NA,NA,NA,NA,NA,NA,NA,NA,NA,NA,NA,NA,NA,NA,NA,NA,NA,NA,NA,NA,NA,NA,NA,NA,NA,NA,NA,NA,NA,NA,NA,NA,NA,NA,NA,NA,NA,NA,NA,NA,NA,NA,NA,NA,NA,NA,NA,NA,NA,NA,NA,NA,NA,NA,FALSE,NA,NA,TRUE,TRUE,TRUE,TRUE,0,0,0.0631786771964462,0.0366398570151921,0.086854103343465,0.0539913248611217,0.0407224399386608,0,0,0.0286278381046397,0.0142984807864164,0.0458966565349544,0.0281561524998098,0.0224721228299351,FALSE,FALSE,FALSE,FALSE,0,FALSE,0,0,0,2,2,8,8,18,FALSE,0,0,0,0,19,19,42,1,1,FALSE,FALSE,FALSE,0,0,0,0,19,19,42,1,0,NA,0,0,0,0,81,0,89,0,77,0,0,120,0,82,0,69,0,0,1,0,1,0,1,0,NA,NA.NA,NA,NA.NA,NA,NA.NA,NA,NA.NA,NA,NA.NA,NA,NA,NA,NA,NA,NA,NA,NA
2012-01-01 07:50:00,2012-01-01 07:00:00,2012-01-01,1,1,1,1,2012,15340,1325404200,FALSE,NA,NA,NA,NA,NA,NA,NA,NA,NA,NA,NA,NA,NA,NA,NA,NA,NA,NA,NA,NA,NA,NA,NA,NA,NA,NA,NA,NA,NA,NA,NA,NA,NA,NA,NA,NA,NA,NA,NA,NA,NA,NA,NA,NA,NA,NA,NA,NA,NA,NA,NA,NA,NA,NA,NA,NA,NA,NA,NA,NA,NA,NA,NA,NA,NA,NA,FALSE,NA,NA,TRUE,TRUE,TRUE,TRUE,0,0,0.0631786771964462,0.0366398570151921,0.086854103343465,0.0539913248611217,0.0407224399386608,0,0,0.0286278381046397,0.0142984807864164,0.0458966565349544,0.0281561524998098,0.0224721228299351,FALSE,FALSE,FALSE,FALSE,0,FALSE,0,0,0,2,2,8,8,18,FALSE,0,0,0,0,19,19,42,1,1,FALSE,FALSE,FALSE,0,0,0,0,19,19,42,1,0,NA,0,0,0,0,81,0,89,0,77,0,0,120,0,82,0,69,0,0,1,0,1,0,1,0,NA,NA.NA,NA,NA.NA,NA,NA.NA,NA,NA.NA,NA,NA.NA,NA,NA,NA,NA,NA,NA,NA,NA
2012-01-01 08:00:00,2012-01-01 08:00:00,2012-01-01,1,1,1,1,2012,15340,1325404800,FALSE,NA,NA,NA,NA,NA,NA,NA,NA,NA,NA,NA,NA,NA,NA,NA,NA,NA,NA,NA,NA,NA,NA,NA,NA,NA,NA,NA,NA,NA,NA,NA,NA,NA,NA,NA,NA,NA,NA,NA,NA,NA,NA,NA,NA,NA,NA,NA,NA,NA,NA,NA,NA,NA,NA,NA,NA,NA,NA,NA,NA,NA,NA,NA,NA,NA,NA,FALSE,NA,NA,TRUE,TRUE,TRUE,TRUE,0,0,0.0631786771964462,0.0366398570151921,0.086854103343465,0.0539913248611217,0.0407224399386608,0,0,0.0286278381046397,0.0142984807864164,0.0458966565349544,0.0281561524998098,0.0224721228299351,FALSE,FALSE,FALSE,FALSE,0,FALSE,0,0,0,2,2,8,8,18,FALSE,0,0,0,0,19,19,42,1,1,FALSE,FALSE,FALSE,0,0,0,0,19,19,42,1,0,NA,0,0,0,0,81,0,89,0,77,0,0,120,0,82,0,69,0,0,1,0,1,0,1,0,NA,NA.NA,NA,NA.NA,NA,NA.NA,NA,NA.NA,NA,NA.NA,NA,NA,NA,NA,NA,NA,NA,NA
2012-01-01 08:10:00,2012-01-01 08:00:00,2012-01-01,1,1,1,1,2012,15340,1325405400,FALSE,NA,NA,NA,NA,NA,NA,NA,NA,NA,NA,NA,NA,NA,NA,NA,NA,NA,NA,NA,NA,NA,NA,NA,NA,NA,NA,NA,NA,NA,NA,NA,NA,NA,NA,NA,NA,NA,NA,NA,NA,NA,NA,NA,NA,NA,NA,NA,NA,NA,NA,NA,NA,NA,NA,NA,NA,NA,NA,NA,NA,NA,NA,NA,NA,NA,NA,FALSE,NA,NA,TRUE,TRUE,TRUE,TRUE,0,0,0.0631786771964462,0.0366398570151921,0.086854103343465,0.0539913248611217,0.0407224399386608,0,0,0.0286278381046397,0.0142984807864164,0.0458966565349544,0.0281561524998098,0.0224721228299351,FALSE,FALSE,FALSE,FALSE,0,FALSE,0,0,0,2,2,8,8,18,FALSE,0,0,0,0,19,19,42,1,1,FALSE,FALSE,FALSE,0,0,0,0,19,19,42,1,0,NA,0,0,0,0,81,0,89,0,77,0,0,120,0,82,0,69,0,0,1,0,1,0,1,0,NA,NA.NA,NA,NA.NA,NA,NA.NA,NA,NA.NA,NA,NA.NA,NA,NA,NA,NA,NA,NA,NA,NA
2012-01-01 08:20:00,2012-01-01 08:00:00,2012-01-01,1,1,1,1,2012,15340,1325406000,FALSE,NA,NA,NA,NA,NA,NA,NA,NA,NA,NA,NA,NA,NA,NA,NA,NA,NA,NA,NA,NA,NA,NA,NA,NA,NA,NA,NA,NA,NA,NA,NA,NA,NA,NA,NA,NA,NA,NA,NA,NA,NA,NA,NA,NA,NA,NA,NA,NA,NA,NA,NA,NA,NA,NA,NA,NA,NA,NA,NA,NA,NA,NA,NA,NA,NA,NA,FALSE,NA,NA,TRUE,TRUE,TRUE,TRUE,0,0,0.0631786771964462,0.0366398570151921,0.086854103343465,0.0539913248611217,0.0407224399386608,0,0,0.0286278381046397,0.0142984807864164,0.0458966565349544,0.0281561524998098,0.0224721228299351,FALSE,FALSE,FALSE,FALSE,0,FALSE,0,0,0,2,2,8,8,18,FALSE,0,0,0,0,19,19,42,1,1,FALSE,FALSE,FALSE,0,0,0,0,19,19,42,1,0,NA,0,0,0,0,81,0,89,0,77,0,0,120,0,82,0,69,0,0,1,0,1,0,1,0,NA,NA.NA,NA,NA.NA,NA,NA.NA,NA,NA.NA,NA,NA.NA,NA,NA,NA,NA,NA,NA,NA,NA
2012-01-01 08:30:00,2012-01-01 08:00:00,2012-01-01,1,1,1,1,2012,15340,1325406600,FALSE,NA,NA,NA,NA,NA,NA,NA,NA,NA,NA,NA,NA,NA,NA,NA,NA,NA,NA,NA,NA,NA,NA,NA,NA,NA,NA,NA,NA,NA,NA,NA,NA,NA,NA,NA,NA,NA,NA,NA,NA,NA,NA,NA,NA,NA,NA,NA,NA,NA,NA,NA,NA,NA,NA,NA,NA,NA,NA,NA,NA,NA,NA,NA,NA,NA,NA,FALSE,NA,NA,TRUE,TRUE,TRUE,TRUE,0,0,0.0631786771964462,0.0366398570151921,0.086854103343465,0.0539913248611217,0.0407224399386608,0,0,0.0286278381046397,0.0142984807864164,0.0458966565349544,0.0281561524998098,0.0224721228299351,FALSE,FALSE,FALSE,FALSE,0,FALSE,0,0,0,2,2,8,8,18,FALSE,0,0,0,0,19,19,42,1,1,FALSE,FALSE,FALSE,0,0,0,0,19,19,42,1,0,NA,0,0,0,0,81,0,89,0,77,0,0,120,0,82,0,69,0,0,1,0,1,0,1,0,NA,NA.NA,NA,NA.NA,NA,NA.NA,NA,NA.NA,NA,NA.NA,NA,NA,NA,NA,NA,NA,NA,NA
2012-01-01 08:40:00,2012-01-01 08:00:00,2012-01-01,1,1,1,1,2012,15340,1325407200,FALSE,NA,NA,NA,NA,NA,NA,NA,NA,NA,NA,NA,NA,NA,NA,NA,NA,NA,NA,NA,NA,NA,NA,NA,NA,NA,NA,NA,NA,NA,NA,NA,NA,NA,NA,NA,NA,NA,NA,NA,NA,NA,NA,NA,NA,NA,NA,NA,NA,NA,NA,NA,NA,NA,NA,NA,NA,NA,NA,NA,NA,NA,NA,NA,NA,NA,NA,FALSE,NA,NA,TRUE,TRUE,TRUE,TRUE,0,0,0.0631786771964462,0.0366398570151921,0.086854103343465,0.0539913248611217,0.0407224399386608,0,0,0.0286278381046397,0.0142984807864164,0.0458966565349544,0.0281561524998098,0.0224721228299351,FALSE,FALSE,FALSE,FALSE,0,FALSE,0,0,0,2,2,8,8,18,FALSE,0,0,0,0,19,19,42,1,1,FALSE,FALSE,FALSE,0,0,0,0,19,19,42,1,0,NA,0,0,0,0,81,0,89,0,77,0,0,120,0,82,0,69,0,0,1,0,1,0,1,0,NA,NA.NA,NA,NA.NA,NA,NA.NA,NA,NA.NA,NA,NA.NA,NA,NA,NA,NA,NA,NA,NA,NA
2012-01-01 08:50:00,2012-01-01 08:00:00,2012-01-01,1,1,1,1,2012,15340,1325407800,FALSE,NA,NA,NA,NA,NA,NA,NA,NA,NA,NA,NA,NA,NA,NA,NA,NA,NA,NA,NA,NA,NA,NA,NA,NA,NA,NA,NA,NA,NA,NA,NA,NA,NA,NA,NA,NA,NA,NA,NA,NA,NA,NA,NA,NA,NA,NA,NA,NA,NA,NA,NA,NA,NA,NA,NA,NA,NA,NA,NA,NA,NA,NA,NA,NA,NA,NA,FALSE,NA,NA,TRUE,TRUE,TRUE,TRUE,0,0,0.0631786771964462,0.0366398570151921,0.086854103343465,0.0539913248611217,0.0407224399386608,0,0,0.0286278381046397,0.0142984807864164,0.0458966565349544,0.0281561524998098,0.0224721228299351,FALSE,FALSE,FALSE,FALSE,0,FALSE,0,0,0,2,2,8,8,18,FALSE,0,0,0,0,19,19,42,1,1,FALSE,FALSE,FALSE,0,0,0,0,19,19,42,1,0,NA,0,0,0,0,81,0,89,0,77,0,0,120,0,82,0,69,0,0,1,0,1,0,1,0,NA,NA.NA,NA,NA.NA,NA,NA.NA,NA,NA.NA,NA,NA.NA,NA,NA,NA,NA,NA,NA,NA,NA
2012-01-01 09:00:00,2012-01-01 09:00:00,2012-01-01,1,1,1,1,2012,15340,1325408400,FALSE,NA,NA,NA,NA,NA,NA,NA,NA,NA,NA,NA,NA,NA,NA,NA,NA,NA,NA,NA,NA,NA,NA,NA,NA,NA,NA,NA,NA,NA,NA,NA,NA,NA,NA,NA,NA,NA,NA,NA,NA,NA,NA,NA,NA,NA,NA,NA,NA,NA,NA,NA,NA,NA,NA,NA,NA,NA,NA,NA,NA,NA,NA,NA,NA,NA,NA,FALSE,NA,NA,TRUE,TRUE,TRUE,TRUE,0,0,0.0631786771964462,0.0366398570151921,0.086854103343465,0.0539913248611217,0.0407224399386608,0,0,0.0286278381046397,0.0142984807864164,0.0458966565349544,0.0281561524998098,0.0224721228299351,FALSE,FALSE,FALSE,FALSE,0,FALSE,0,0,0,2,2,8,8,18,FALSE,0,0,0,0,19,19,42,1,1,FALSE,FALSE,FALSE,0,0,0,0,19,19,42,1,0,NA,0,0,0,0,81,0,89,0,77,0,0,120,0,82,0,69,0,0,1,0,1,0,1,0,NA,NA.NA,NA,NA.NA,NA,NA.NA,NA,NA.NA,NA,NA.NA,NA,NA,NA,NA,NA,NA,NA,NA
2012-01-01 09:10:00,2012-01-01 09:00:00,2012-01-01,1,1,1,1,2012,15340,1325409000,FALSE,NA,NA,NA,NA,NA,NA,NA,NA,NA,NA,NA,NA,NA,NA,NA,NA,NA,NA,NA,NA,NA,NA,NA,NA,NA,NA,NA,NA,NA,NA,NA,NA,NA,NA,NA,NA,NA,NA,NA,NA,NA,NA,NA,NA,NA,NA,NA,NA,NA,NA,NA,NA,NA,NA,NA,NA,NA,NA,NA,NA,NA,NA,NA,NA,NA,NA,FALSE,NA,NA,TRUE,TRUE,TRUE,TRUE,0,0,0.0631786771964462,0.0366398570151921,0.086854103343465,0.0539913248611217,0.0407224399386608,0,0,0.0286278381046397,0.0142984807864164,0.0458966565349544,0.0281561524998098,0.0224721228299351,FALSE,FALSE,FALSE,FALSE,0,FALSE,0,0,0,2,2,8,8,18,FALSE,0,0,0,0,19,19,42,1,1,FALSE,FALSE,FALSE,0,0,0,0,19,19,42,1,0,NA,0,0,0,0,81,0,89,0,77,0,0,120,0,82,0,69,0,0,1,0,1,0,1,0,NA,NA.NA,NA,NA.NA,NA,NA.NA,NA,NA.NA,NA,NA.NA,NA,NA,NA,NA,NA,NA,NA,NA
2012-01-01 09:20:00,2012-01-01 09:00:00,2012-01-01,1,1,1,1,2012,15340,1325409600,FALSE,NA,NA,NA,NA,NA,NA,NA,NA,NA,NA,NA,NA,NA,NA,NA,NA,NA,NA,NA,NA,NA,NA,NA,NA,NA,NA,NA,NA,NA,NA,NA,NA,NA,NA,NA,NA,NA,NA,NA,NA,NA,NA,NA,NA,NA,NA,NA,NA,NA,NA,NA,NA,NA,NA,NA,NA,NA,NA,NA,NA,NA,NA,NA,NA,NA,NA,FALSE,NA,NA,TRUE,TRUE,TRUE,TRUE,0,0,0.0631786771964462,0.0366398570151921,0.086854103343465,0.0539913248611217,0.0407224399386608,0,0,0.0286278381046397,0.0142984807864164,0.0458966565349544,0.0281561524998098,0.0224721228299351,FALSE,FALSE,FALSE,FALSE,0,FALSE,0,0,0,2,2,8,8,18,FALSE,0,0,0,0,19,19,42,1,1,FALSE,FALSE,FALSE,0,0,0,0,19,19,42,1,0,NA,0,0,0,0,81,0,89,0,77,0,0,120,0,82,0,69,0,0,1,0,1,0,1,0,NA,NA.NA,NA,NA.NA,NA,NA.NA,NA,NA.NA,NA,NA.NA,NA,NA,NA,NA,NA,NA,NA,NA
2012-01-01 09:30:00,2012-01-01 09:00:00,2012-01-01,1,1,1,1,2012,15340,1325410200,FALSE,NA,NA,NA,NA,NA,NA,NA,NA,NA,NA,NA,NA,NA,NA,NA,NA,NA,NA,NA,NA,NA,NA,NA,NA,NA,NA,NA,NA,NA,NA,NA,NA,NA,NA,NA,NA,NA,NA,NA,NA,NA,NA,NA,NA,NA,NA,NA,NA,NA,NA,NA,NA,NA,NA,NA,NA,NA,NA,NA,NA,NA,NA,NA,NA,NA,NA,FALSE,NA,NA,TRUE,TRUE,TRUE,TRUE,0,0,0.0631786771964462,0.0366398570151921,0.086854103343465,0.0539913248611217,0.0407224399386608,0,0,0.0286278381046397,0.0142984807864164,0.0458966565349544,0.0281561524998098,0.0224721228299351,FALSE,FALSE,FALSE,FALSE,0,FALSE,0,0,0,2,2,8,8,18,FALSE,0,0,0,0,19,19,42,1,1,FALSE,FALSE,FALSE,0,0,0,0,19,19,42,1,0,NA,0,0,0,0,81,0,89,0,77,0,0,120,0,82,0,69,0,0,1,0,1,0,1,0,NA,NA.NA,NA,NA.NA,NA,NA.NA,NA,NA.NA,NA,NA.NA,NA,NA,NA,NA,NA,NA,NA,NA
2012-01-01 09:40:00,2012-01-01 09:00:00,2012-01-01,1,1,1,1,2012,15340,1325410800,FALSE,NA,NA,NA,NA,NA,NA,NA,NA,NA,NA,NA,NA,NA,NA,NA,NA,NA,NA,NA,NA,NA,NA,NA,NA,NA,NA,NA,NA,NA,NA,NA,NA,NA,NA,NA,NA,NA,NA,NA,NA,NA,NA,NA,NA,NA,NA,NA,NA,NA,NA,NA,NA,NA,NA,NA,NA,NA,NA,NA,NA,NA,NA,NA,NA,NA,NA,FALSE,NA,NA,TRUE,TRUE,TRUE,TRUE,0,0,0.0631786771964462,0.0366398570151921,0.086854103343465,0.0539913248611217,0.0407224399386608,0,0,0.0286278381046397,0.0142984807864164,0.0458966565349544,0.0281561524998098,0.0224721228299351,FALSE,FALSE,FALSE,FALSE,0,FALSE,0,0,0,2,2,8,8,18,FALSE,0,0,0,0,19,19,42,1,1,FALSE,FALSE,FALSE,0,0,0,0,19,19,42,1,0,NA,0,0,0,0,81,0,89,0,77,0,0,120,0,82,0,69,0,0,1,0,1,0,1,0,NA,NA.NA,NA,NA.NA,NA,NA.NA,NA,NA.NA,NA,NA.NA,NA,NA,NA,NA,NA,NA,NA,NA
2012-01-01 09:50:00,2012-01-01 09:00:00,2012-01-01,1,1,1,1,2012,15340,1325411400,FALSE,NA,NA,NA,NA,NA,NA,NA,NA,NA,NA,NA,NA,NA,NA,NA,NA,NA,NA,NA,NA,NA,NA,NA,NA,NA,NA,NA,NA,NA,NA,NA,NA,NA,NA,NA,NA,NA,NA,NA,NA,NA,NA,NA,NA,NA,NA,NA,NA,NA,NA,NA,NA,NA,NA,NA,NA,NA,NA,NA,NA,NA,NA,NA,NA,NA,NA,FALSE,NA,NA,TRUE,TRUE,TRUE,TRUE,0,0,0.0631786771964462,0.0366398570151921,0.086854103343465,0.0539913248611217,0.0407224399386608,0,0,0.0286278381046397,0.0142984807864164,0.0458966565349544,0.0281561524998098,0.0224721228299351,FALSE,FALSE,FALSE,FALSE,0,FALSE,0,0,0,2,2,8,8,18,FALSE,0,0,0,0,19,19,42,1,1,FALSE,FALSE,FALSE,0,0,0,0,19,19,42,1,0,NA,0,0,0,0,81,0,89,0,77,0,0,120,0,82,0,69,0,0,1,0,1,0,1,0,NA,NA.NA,NA,NA.NA,NA,NA.NA,NA,NA.NA,NA,NA.NA,NA,NA,NA,NA,NA,NA,NA,NA
2012-01-01 10:00:00,2012-01-01 10:00:00,2012-01-01,1,1,1,1,2012,15340,1325412000,FALSE,NA,NA,NA,NA,NA,NA,NA,NA,NA,NA,NA,NA,NA,NA,NA,NA,NA,NA,NA,NA,NA,NA,NA,NA,NA,NA,NA,NA,NA,NA,NA,NA,NA,NA,NA,NA,NA,NA,NA,NA,NA,NA,NA,NA,NA,NA,NA,NA,NA,NA,NA,NA,NA,NA,NA,NA,NA,NA,NA,NA,NA,NA,NA,NA,NA,NA,FALSE,NA,NA,TRUE,TRUE,TRUE,TRUE,0,0,0.0631786771964462,0.0366398570151921,0.086854103343465,0.0539913248611217,0.0407224399386608,0,0,0.0286278381046397,0.0142984807864164,0.0458966565349544,0.0281561524998098,0.0224721228299351,FALSE,FALSE,FALSE,FALSE,0,FALSE,0,0,0,2,2,8,8,18,FALSE,0,0,0,0,19,19,42,1,1,FALSE,FALSE,FALSE,0,0,0,0,19,19,42,1,0,NA,0,0,0,0,81,0,89,0,77,0,0,120,0,82,0,69,0,0,1,0,1,0,1,0,NA,NA.NA,NA,NA.NA,NA,NA.NA,NA,NA.NA,NA,NA.NA,NA,NA,NA,NA,NA,NA,NA,NA
2012-01-01 10:10:00,2012-01-01 10:00:00,2012-01-01,1,1,1,1,2012,15340,1325412600,FALSE,NA,NA,NA,NA,NA,NA,NA,NA,NA,NA,NA,NA,NA,NA,NA,NA,NA,NA,NA,NA,NA,NA,NA,NA,NA,NA,NA,NA,NA,NA,NA,NA,NA,NA,NA,NA,NA,NA,NA,NA,NA,NA,NA,NA,NA,NA,NA,NA,NA,NA,NA,NA,NA,NA,NA,NA,NA,NA,NA,NA,NA,NA,NA,NA,NA,NA,FALSE,NA,NA,TRUE,TRUE,TRUE,TRUE,0,0,0.0631786771964462,0.0366398570151921,0.086854103343465,0.0539913248611217,0.0407224399386608,0,0,0.0286278381046397,0.0142984807864164,0.0458966565349544,0.0281561524998098,0.0224721228299351,FALSE,FALSE,FALSE,FALSE,0,FALSE,0,0,0,2,2,8,8,18,FALSE,0,0,0,0,19,19,42,1,1,FALSE,FALSE,FALSE,0,0,0,0,19,19,42,1,0,NA,0,0,0,0,81,0,89,0,77,0,0,120,0,82,0,69,0,0,1,0,1,0,1,0,NA,NA.NA,NA,NA.NA,NA,NA.NA,NA,NA.NA,NA,NA.NA,NA,NA,NA,NA,NA,NA,NA,NA
2012-01-01 10:20:00,2012-01-01 10:00:00,2012-01-01,1,1,1,1,2012,15340,1325413200,FALSE,NA,NA,NA,NA,NA,NA,NA,NA,NA,NA,NA,NA,NA,NA,NA,NA,NA,NA,NA,NA,NA,NA,NA,NA,NA,NA,NA,NA,NA,NA,NA,NA,NA,NA,NA,NA,NA,NA,NA,NA,NA,NA,NA,NA,NA,NA,NA,NA,NA,NA,NA,NA,NA,NA,NA,NA,NA,NA,NA,NA,NA,NA,NA,NA,NA,NA,FALSE,NA,NA,TRUE,TRUE,TRUE,TRUE,0,0,0.0631786771964462,0.0366398570151921,0.086854103343465,0.0539913248611217,0.0407224399386608,0,0,0.0286278381046397,0.0142984807864164,0.0458966565349544,0.0281561524998098,0.0224721228299351,FALSE,FALSE,FALSE,FALSE,0,FALSE,0,0,0,2,2,8,8,18,FALSE,0,0,0,0,19,19,42,1,1,FALSE,FALSE,FALSE,0,0,0,0,19,19,42,1,0,NA,0,0,0,0,81,0,89,0,77,0,0,120,0,82,0,69,0,0,1,0,1,0,1,0,NA,NA.NA,NA,NA.NA,NA,NA.NA,NA,NA.NA,NA,NA.NA,NA,NA,NA,NA,NA,NA,NA,NA
2012-01-01 10:30:00,2012-01-01 10:00:00,2012-01-01,1,1,1,1,2012,15340,1325413800,FALSE,NA,NA,NA,NA,NA,NA,NA,NA,NA,NA,NA,NA,NA,NA,NA,NA,NA,NA,NA,NA,NA,NA,NA,NA,NA,NA,NA,NA,NA,NA,NA,NA,NA,NA,NA,NA,NA,NA,NA,NA,NA,NA,NA,NA,NA,NA,NA,NA,NA,NA,NA,NA,NA,NA,NA,NA,NA,NA,NA,NA,NA,NA,NA,NA,NA,NA,FALSE,NA,NA,TRUE,TRUE,TRUE,TRUE,0,0,0.0631786771964462,0.0366398570151921,0.086854103343465,0.0539913248611217,0.0407224399386608,0,0,0.0286278381046397,0.0142984807864164,0.0458966565349544,0.0281561524998098,0.0224721228299351,FALSE,FALSE,FALSE,FALSE,0,FALSE,0,0,0,2,2,8,8,18,FALSE,0,0,0,0,19,19,42,1,1,FALSE,FALSE,FALSE,0,0,0,0,19,19,42,1,0,NA,0,0,0,0,81,0,89,0,77,0,0,120,0,82,0,69,0,0,1,0,1,0,1,0,NA,NA.NA,NA,NA.NA,NA,NA.NA,NA,NA.NA,NA,NA.NA,NA,NA,NA,NA,NA,NA,NA,NA
2012-01-01 10:40:00,2012-01-01 10:00:00,2012-01-01,1,1,1,1,2012,15340,1325414400,FALSE,NA,NA,NA,NA,NA,NA,NA,NA,NA,NA,NA,NA,NA,NA,NA,NA,NA,NA,NA,NA,NA,NA,NA,NA,NA,NA,NA,NA,NA,NA,NA,NA,NA,NA,NA,NA,NA,NA,NA,NA,NA,NA,NA,NA,NA,NA,NA,NA,NA,NA,NA,NA,NA,NA,NA,NA,NA,NA,NA,NA,NA,NA,NA,NA,NA,NA,FALSE,NA,NA,TRUE,TRUE,TRUE,TRUE,0,0,0.0631786771964462,0.0366398570151921,0.086854103343465,0.0539913248611217,0.0407224399386608,0,0,0.0286278381046397,0.0142984807864164,0.0458966565349544,0.0281561524998098,0.0224721228299351,FALSE,FALSE,FALSE,FALSE,0,FALSE,0,0,0,2,2,8,8,18,FALSE,0,0,0,0,19,19,42,1,1,FALSE,FALSE,FALSE,0,0,0,0,19,19,42,1,0,NA,0,0,0,0,81,0,89,0,77,0,0,120,0,82,0,69,0,0,1,0,1,0,1,0,NA,NA.NA,NA,NA.NA,NA,NA.NA,NA,NA.NA,NA,NA.NA,NA,NA,NA,NA,NA,NA,NA,NA
2012-01-01 10:50:00,2012-01-01 10:00:00,2012-01-01,1,1,1,1,2012,15340,1325415000,FALSE,NA,NA,NA,NA,NA,NA,NA,NA,NA,NA,NA,NA,NA,NA,NA,NA,NA,NA,NA,NA,NA,NA,NA,NA,NA,NA,NA,NA,NA,NA,NA,NA,NA,NA,NA,NA,NA,NA,NA,NA,NA,NA,NA,NA,NA,NA,NA,NA,NA,NA,NA,NA,NA,NA,NA,NA,NA,NA,NA,NA,NA,NA,NA,NA,NA,NA,FALSE,NA,NA,TRUE,TRUE,TRUE,TRUE,0,0,0.0631786771964462,0.0366398570151921,0.086854103343465,0.0539913248611217,0.0407224399386608,0,0,0.0286278381046397,0.0142984807864164,0.0458966565349544,0.0281561524998098,0.0224721228299351,FALSE,FALSE,FALSE,FALSE,0,FALSE,0,0,0,2,2,8,8,18,FALSE,0,0,0,0,19,19,42,1,1,FALSE,FALSE,FALSE,0,0,0,0,19,19,42,1,0,NA,0,0,0,0,81,0,89,0,77,0,0,120,0,82,0,69,0,0,1,0,1,0,1,0,NA,NA.NA,NA,NA.NA,NA,NA.NA,NA,NA.NA,NA,NA.NA,NA,NA,NA,NA,NA,NA,NA,NA
2012-01-01 11:00:00,2012-01-01 11:00:00,2012-01-01,1,1,1,1,2012,15340,1325415600,FALSE,NA,NA,NA,NA,NA,NA,NA,NA,NA,NA,NA,NA,NA,NA,NA,NA,NA,NA,NA,NA,NA,NA,NA,NA,NA,NA,NA,NA,NA,NA,NA,NA,NA,NA,NA,NA,NA,NA,NA,NA,NA,NA,NA,NA,NA,NA,NA,NA,NA,NA,NA,NA,NA,NA,NA,NA,NA,NA,NA,NA,NA,NA,NA,NA,NA,NA,FALSE,NA,NA,TRUE,TRUE,TRUE,TRUE,0,0,0.0631786771964462,0.0366398570151921,0.086854103343465,0.0539913248611217,0.0407224399386608,0,0,0.0286278381046397,0.0142984807864164,0.0458966565349544,0.0281561524998098,0.0224721228299351,FALSE,FALSE,FALSE,FALSE,0,FALSE,0,0,0,2,2,8,8,18,FALSE,0,0,0,0,19,19,42,1,1,FALSE,FALSE,FALSE,0,0,0,0,19,19,42,1,0,NA,0,0,0,0,81,0,89,0,77,0,0,120,0,82,0,69,0,0,1,0,1,0,1,0,NA,NA.NA,NA,NA.NA,NA,NA.NA,NA,NA.NA,NA,NA.NA,NA,NA,NA,NA,NA,NA,NA,NA
2012-01-01 11:10:00,2012-01-01 11:00:00,2012-01-01,1,1,1,1,2012,15340,1325416200,FALSE,NA,NA,NA,NA,NA,NA,NA,NA,NA,NA,NA,NA,NA,NA,NA,NA,NA,NA,NA,NA,NA,NA,NA,NA,NA,NA,NA,NA,NA,NA,NA,NA,NA,NA,NA,NA,NA,NA,NA,NA,NA,NA,NA,NA,NA,NA,NA,NA,NA,NA,NA,NA,NA,NA,NA,NA,NA,NA,NA,NA,NA,NA,NA,NA,NA,NA,FALSE,NA,NA,TRUE,TRUE,TRUE,TRUE,0,0,0.0631786771964462,0.0366398570151921,0.086854103343465,0.0539913248611217,0.0407224399386608,0,0,0.0286278381046397,0.0142984807864164,0.0458966565349544,0.0281561524998098,0.0224721228299351,FALSE,FALSE,FALSE,FALSE,0,FALSE,0,0,0,2,2,8,8,18,FALSE,0,0,0,0,19,19,42,1,1,FALSE,FALSE,FALSE,0,0,0,0,19,19,42,1,0,NA,0,0,0,0,81,0,89,0,77,0,0,120,0,82,0,69,0,0,1,0,1,0,1,0,NA,NA.NA,NA,NA.NA,NA,NA.NA,NA,NA.NA,NA,NA.NA,NA,NA,NA,NA,NA,NA,NA,NA
2012-01-01 11:20:00,2012-01-01 11:00:00,2012-01-01,1,1,1,1,2012,15340,1325416800,FALSE,NA,NA,NA,NA,NA,NA,NA,NA,NA,NA,NA,NA,NA,NA,NA,NA,NA,NA,NA,NA,NA,NA,NA,NA,NA,NA,NA,NA,NA,NA,NA,NA,NA,NA,NA,NA,NA,NA,NA,NA,NA,NA,NA,NA,NA,NA,NA,NA,NA,NA,NA,NA,NA,NA,NA,NA,NA,NA,NA,NA,NA,NA,NA,NA,NA,NA,FALSE,NA,NA,TRUE,TRUE,TRUE,TRUE,0,0,0.0631786771964462,0.0366398570151921,0.086854103343465,0.0539913248611217,0.0407224399386608,0,0,0.0286278381046397,0.0142984807864164,0.0458966565349544,0.0281561524998098,0.0224721228299351,FALSE,FALSE,FALSE,FALSE,0,FALSE,0,0,0,2,2,8,8,18,FALSE,0,0,0,0,19,19,42,1,1,FALSE,FALSE,FALSE,0,0,0,0,19,19,42,1,0,NA,0,0,0,0,81,0,89,0,77,0,0,120,0,82,0,69,0,0,1,0,1,0,1,0,NA,NA.NA,NA,NA.NA,NA,NA.NA,NA,NA.NA,NA,NA.NA,NA,NA,NA,NA,NA,NA,NA,NA
2012-01-01 11:30:00,2012-01-01 11:00:00,2012-01-01,1,1,1,1,2012,15340,1325417400,FALSE,NA,NA,NA,NA,NA,NA,NA,NA,NA,NA,NA,NA,NA,NA,NA,NA,NA,NA,NA,NA,NA,NA,NA,NA,NA,NA,NA,NA,NA,NA,NA,NA,NA,NA,NA,NA,NA,NA,NA,NA,NA,NA,NA,NA,NA,NA,NA,NA,NA,NA,NA,NA,NA,NA,NA,NA,NA,NA,NA,NA,NA,NA,NA,NA,NA,NA,FALSE,NA,NA,TRUE,TRUE,TRUE,TRUE,0,0,0.0631786771964462,0.0366398570151921,0.086854103343465,0.0539913248611217,0.0407224399386608,0,0,0.0286278381046397,0.0142984807864164,0.0458966565349544,0.0281561524998098,0.0224721228299351,FALSE,FALSE,FALSE,FALSE,0,FALSE,0,0,0,2,2,8,8,18,FALSE,0,0,0,0,19,19,42,1,1,FALSE,FALSE,FALSE,0,0,0,0,19,19,42,1,0,NA,0,0,0,0,81,0,89,0,77,0,0,120,0,82,0,69,0,0,1,0,1,0,1,0,NA,NA.NA,NA,NA.NA,NA,NA.NA,NA,NA.NA,NA,NA.NA,NA,NA,NA,NA,NA,NA,NA,NA
2012-01-01 11:40:00,2012-01-01 11:00:00,2012-01-01,1,1,1,1,2012,15340,1325418000,FALSE,NA,NA,NA,NA,NA,NA,NA,NA,NA,NA,NA,NA,NA,NA,NA,NA,NA,NA,NA,NA,NA,NA,NA,NA,NA,NA,NA,NA,NA,NA,NA,NA,NA,NA,NA,NA,NA,NA,NA,NA,NA,NA,NA,NA,NA,NA,NA,NA,NA,NA,NA,NA,NA,NA,NA,NA,NA,NA,NA,NA,NA,NA,NA,NA,NA,NA,FALSE,NA,NA,TRUE,TRUE,TRUE,TRUE,0,0,0.0631786771964462,0.0366398570151921,0.086854103343465,0.0539913248611217,0.0407224399386608,0,0,0.0286278381046397,0.0142984807864164,0.0458966565349544,0.0281561524998098,0.0224721228299351,FALSE,FALSE,FALSE,FALSE,0,FALSE,0,0,0,2,2,8,8,18,FALSE,0,0,0,0,19,19,42,1,1,FALSE,FALSE,FALSE,0,0,0,0,19,19,42,1,0,NA,0,0,0,0,81,0,89,0,77,0,0,120,0,82,0,69,0,0,1,0,1,0,1,0,NA,NA.NA,NA,NA.NA,NA,NA.NA,NA,NA.NA,NA,NA.NA,NA,NA,NA,NA,NA,NA,NA,NA
2012-01-01 11:50:00,2012-01-01 11:00:00,2012-01-01,1,1,1,1,2012,15340,1325418600,FALSE,NA,NA,NA,NA,NA,NA,NA,NA,NA,NA,NA,NA,NA,NA,NA,NA,NA,NA,NA,NA,NA,NA,NA,NA,NA,NA,NA,NA,NA,NA,NA,NA,NA,NA,NA,NA,NA,NA,NA,NA,NA,NA,NA,NA,NA,NA,NA,NA,NA,NA,NA,NA,NA,NA,NA,NA,NA,NA,NA,NA,NA,NA,NA,NA,NA,NA,FALSE,NA,NA,TRUE,TRUE,TRUE,TRUE,0,0,0.0631786771964462,0.0366398570151921,0.086854103343465,0.0539913248611217,0.0407224399386608,0,0,0.0286278381046397,0.0142984807864164,0.0458966565349544,0.0281561524998098,0.0224721228299351,FALSE,FALSE,FALSE,FALSE,0,FALSE,0,0,0,2,2,8,8,18,FALSE,0,0,0,0,19,19,42,1,1,FALSE,FALSE,FALSE,0,0,0,0,19,19,42,1,0,NA,0,0,0,0,81,0,89,0,77,0,0,120,0,82,0,69,0,0,1,0,1,0,1,0,NA,NA.NA,NA,NA.NA,NA,NA.NA,NA,NA.NA,NA,NA.NA,NA,NA,NA,NA,NA,NA,NA,NA
2012-01-01 12:00:00,2012-01-01 12:00:00,2012-01-01,1,1,1,1,2012,15340,1325419200,FALSE,NA,NA,NA,NA,NA,NA,NA,NA,NA,NA,NA,NA,NA,NA,NA,NA,NA,NA,NA,NA,NA,NA,NA,NA,NA,NA,NA,NA,NA,NA,NA,NA,NA,NA,NA,NA,NA,NA,NA,NA,NA,NA,NA,NA,NA,NA,NA,NA,NA,NA,NA,NA,NA,NA,NA,NA,NA,NA,NA,NA,NA,NA,NA,NA,NA,NA,FALSE,NA,NA,TRUE,TRUE,TRUE,TRUE,0,0,0.0631786771964462,0.0366398570151921,0.086854103343465,0.0539913248611217,0.0407224399386608,0,0,0.0286278381046397,0.0142984807864164,0.0458966565349544,0.0281561524998098,0.0224721228299351,FALSE,FALSE,FALSE,FALSE,0,FALSE,0,0,0,2,2,8,8,18,FALSE,0,0,0,0,19,19,42,1,1,FALSE,FALSE,FALSE,0,0,0,0,19,19,42,1,0,NA,0,0,0,0,81,0,89,0,77,0,0,120,0,82,0,69,0,0,1,0,1,0,1,0,NA,NA.NA,NA,NA.NA,NA,NA.NA,NA,NA.NA,NA,NA.NA,NA,NA,NA,NA,NA,NA,NA,NA
2012-01-01 12:10:00,2012-01-01 12:00:00,2012-01-01,1,1,1,1,2012,15340,1325419800,FALSE,NA,NA,NA,NA,NA,NA,NA,NA,NA,NA,NA,NA,NA,NA,NA,NA,NA,NA,NA,NA,NA,NA,NA,NA,NA,NA,NA,NA,NA,NA,NA,NA,NA,NA,NA,NA,NA,NA,NA,NA,NA,NA,NA,NA,NA,NA,NA,NA,NA,NA,NA,NA,NA,NA,NA,NA,NA,NA,NA,NA,NA,NA,NA,NA,NA,NA,FALSE,NA,NA,TRUE,TRUE,TRUE,TRUE,0,0,0.0631786771964462,0.0366398570151921,0.086854103343465,0.0539913248611217,0.0407224399386608,0,0,0.0286278381046397,0.0142984807864164,0.0458966565349544,0.0281561524998098,0.0224721228299351,FALSE,FALSE,FALSE,FALSE,0,FALSE,0,0,0,2,2,8,8,18,FALSE,0,0,0,0,19,19,42,1,1,FALSE,FALSE,FALSE,0,0,0,0,19,19,42,1,0,NA,0,0,0,0,81,0,89,0,77,0,0,120,0,82,0,69,0,0,1,0,1,0,1,0,NA,NA.NA,NA,NA.NA,NA,NA.NA,NA,NA.NA,NA,NA.NA,NA,NA,NA,NA,NA,NA,NA,NA
2012-01-01 12:20:00,2012-01-01 12:00:00,2012-01-01,1,1,1,1,2012,15340,1325420400,FALSE,NA,NA,NA,NA,NA,NA,NA,NA,NA,NA,NA,NA,NA,NA,NA,NA,NA,NA,NA,NA,NA,NA,NA,NA,NA,NA,NA,NA,NA,NA,NA,NA,NA,NA,NA,NA,NA,NA,NA,NA,NA,NA,NA,NA,NA,NA,NA,NA,NA,NA,NA,NA,NA,NA,NA,NA,NA,NA,NA,NA,NA,NA,NA,NA,NA,NA,FALSE,NA,NA,TRUE,TRUE,TRUE,TRUE,0,0,0.0631786771964462,0.0366398570151921,0.086854103343465,0.0539913248611217,0.0407224399386608,0,0,0.0286278381046397,0.0142984807864164,0.0458966565349544,0.0281561524998098,0.0224721228299351,FALSE,FALSE,FALSE,FALSE,0,FALSE,0,0,0,2,2,8,8,18,FALSE,0,0,0,0,19,19,42,1,1,FALSE,FALSE,FALSE,0,0,0,0,19,19,42,1,0,NA,0,0,0,0,81,0,89,0,77,0,0,120,0,82,0,69,0,0,1,0,1,0,1,0,NA,NA.NA,NA,NA.NA,NA,NA.NA,NA,NA.NA,NA,NA.NA,NA,NA,NA,NA,NA,NA,NA,NA
2012-01-01 12:30:00,2012-01-01 12:00:00,2012-01-01,1,1,1,1,2012,15340,1325421000,FALSE,NA,NA,NA,NA,NA,NA,NA,NA,NA,NA,NA,NA,NA,NA,NA,NA,NA,NA,NA,NA,NA,NA,NA,NA,NA,NA,NA,NA,NA,NA,NA,NA,NA,NA,NA,NA,NA,NA,NA,NA,NA,NA,NA,NA,NA,NA,NA,NA,NA,NA,NA,NA,NA,NA,NA,NA,NA,NA,NA,NA,NA,NA,NA,NA,NA,NA,FALSE,NA,NA,TRUE,TRUE,TRUE,TRUE,0,0,0.0631786771964462,0.0366398570151921,0.086854103343465,0.0539913248611217,0.0407224399386608,0,0,0.0286278381046397,0.0142984807864164,0.0458966565349544,0.0281561524998098,0.0224721228299351,FALSE,FALSE,FALSE,FALSE,0,FALSE,0,0,0,2,2,8,8,18,FALSE,0,0,0,0,19,19,42,1,1,FALSE,FALSE,FALSE,0,0,0,0,19,19,42,1,0,NA,0,0,0,0,81,0,89,0,77,0,0,120,0,82,0,69,0,0,1,0,1,0,1,0,NA,NA.NA,NA,NA.NA,NA,NA.NA,NA,NA.NA,NA,NA.NA,NA,NA,NA,NA,NA,NA,NA,NA
2012-01-01 12:40:00,2012-01-01 12:00:00,2012-01-01,1,1,1,1,2012,15340,1325421600,FALSE,NA,NA,NA,NA,NA,NA,NA,NA,NA,NA,NA,NA,NA,NA,NA,NA,NA,NA,NA,NA,NA,NA,NA,NA,NA,NA,NA,NA,NA,NA,NA,NA,NA,NA,NA,NA,NA,NA,NA,NA,NA,NA,NA,NA,NA,NA,NA,NA,NA,NA,NA,NA,NA,NA,NA,NA,NA,NA,NA,NA,NA,NA,NA,NA,NA,NA,FALSE,NA,NA,TRUE,TRUE,TRUE,TRUE,0,0,0.0631786771964462,0.0366398570151921,0.086854103343465,0.0539913248611217,0.0407224399386608,0,0,0.0286278381046397,0.0142984807864164,0.0458966565349544,0.0281561524998098,0.0224721228299351,FALSE,FALSE,FALSE,FALSE,0,FALSE,0,0,0,2,2,8,8,18,FALSE,0,0,0,0,19,19,42,1,1,FALSE,FALSE,FALSE,0,0,0,0,19,19,42,1,0,NA,0,0,0,0,81,0,89,0,77,0,0,120,0,82,0,69,0,0,1,0,1,0,1,0,NA,NA.NA,NA,NA.NA,NA,NA.NA,NA,NA.NA,NA,NA.NA,NA,NA,NA,NA,NA,NA,NA,NA
2012-01-01 12:50:00,2012-01-01 12:00:00,2012-01-01,1,1,1,1,2012,15340,1325422200,FALSE,NA,NA,NA,NA,NA,NA,NA,NA,NA,NA,NA,NA,NA,NA,NA,NA,NA,NA,NA,NA,NA,NA,NA,NA,NA,NA,NA,NA,NA,NA,NA,NA,NA,NA,NA,NA,NA,NA,NA,NA,NA,NA,NA,NA,NA,NA,NA,NA,NA,NA,NA,NA,NA,NA,NA,NA,NA,NA,NA,NA,NA,NA,NA,NA,NA,NA,FALSE,NA,NA,TRUE,TRUE,TRUE,TRUE,0,0,0.0631786771964462,0.0366398570151921,0.086854103343465,0.0539913248611217,0.0407224399386608,0,0,0.0286278381046397,0.0142984807864164,0.0458966565349544,0.0281561524998098,0.0224721228299351,FALSE,FALSE,FALSE,FALSE,0,FALSE,0,0,0,2,2,8,8,18,FALSE,0,0,0,0,19,19,42,1,1,FALSE,FALSE,FALSE,0,0,0,0,19,19,42,1,0,NA,0,0,0,0,81,0,89,0,77,0,0,120,0,82,0,69,0,0,1,0,1,0,1,0,NA,NA.NA,NA,NA.NA,NA,NA.NA,NA,NA.NA,NA,NA.NA,NA,NA,NA,NA,NA,NA,NA,NA
2012-01-01 13:00:00,2012-01-01 13:00:00,2012-01-01,1,1,1,1,2012,15340,1325422800,FALSE,NA,NA,NA,NA,NA,NA,NA,NA,NA,NA,NA,NA,NA,NA,NA,NA,NA,NA,NA,NA,NA,NA,NA,NA,NA,NA,NA,NA,NA,NA,NA,NA,NA,NA,NA,NA,NA,NA,NA,NA,NA,NA,NA,NA,NA,NA,NA,NA,NA,NA,NA,NA,NA,NA,NA,NA,NA,NA,NA,NA,NA,NA,NA,NA,NA,NA,FALSE,NA,NA,TRUE,TRUE,TRUE,TRUE,0,0,0.0631786771964462,0.0366398570151921,0.086854103343465,0.0539913248611217,0.0407224399386608,0,0,0.0286278381046397,0.0142984807864164,0.0458966565349544,0.0281561524998098,0.0224721228299351,FALSE,FALSE,FALSE,FALSE,0,FALSE,0,0,0,2,2,8,8,18,FALSE,0,0,0,0,19,19,42,1,1,FALSE,FALSE,FALSE,0,0,0,0,19,19,42,1,0,NA,0,0,0,0,81,0,89,0,77,0,0,120,0,82,0,69,0,0,1,0,1,0,1,0,NA,NA.NA,NA,NA.NA,NA,NA.NA,NA,NA.NA,NA,NA.NA,NA,NA,NA,NA,NA,NA,NA,NA
2012-01-01 13:10:00,2012-01-01 13:00:00,2012-01-01,1,1,1,1,2012,15340,1325423400,FALSE,NA,NA,NA,NA,NA,NA,NA,NA,NA,NA,NA,NA,NA,NA,NA,NA,NA,NA,NA,NA,NA,NA,NA,NA,NA,NA,NA,NA,NA,NA,NA,NA,NA,NA,NA,NA,NA,NA,NA,NA,NA,NA,NA,NA,NA,NA,NA,NA,NA,NA,NA,NA,NA,NA,NA,NA,NA,NA,NA,NA,NA,NA,NA,NA,NA,NA,FALSE,NA,NA,TRUE,TRUE,TRUE,TRUE,0,0,0.0631786771964462,0.0366398570151921,0.086854103343465,0.0539913248611217,0.0407224399386608,0,0,0.0286278381046397,0.0142984807864164,0.0458966565349544,0.0281561524998098,0.0224721228299351,FALSE,FALSE,FALSE,FALSE,0,FALSE,0,0,0,2,2,8,8,18,FALSE,0,0,0,0,19,19,42,1,1,FALSE,FALSE,FALSE,0,0,0,0,19,19,42,1,0,NA,0,0,0,0,81,0,89,0,77,0,0,120,0,82,0,69,0,0,1,0,1,0,1,0,NA,NA.NA,NA,NA.NA,NA,NA.NA,NA,NA.NA,NA,NA.NA,NA,NA,NA,NA,NA,NA,NA,NA
2012-01-01 13:20:00,2012-01-01 13:00:00,2012-01-01,1,1,1,1,2012,15340,1325424000,FALSE,NA,NA,NA,NA,NA,NA,NA,NA,NA,NA,NA,NA,NA,NA,NA,NA,NA,NA,NA,NA,NA,NA,NA,NA,NA,NA,NA,NA,NA,NA,NA,NA,NA,NA,NA,NA,NA,NA,NA,NA,NA,NA,NA,NA,NA,NA,NA,NA,NA,NA,NA,NA,NA,NA,NA,NA,NA,NA,NA,NA,NA,NA,NA,NA,NA,NA,FALSE,NA,NA,TRUE,TRUE,TRUE,TRUE,0,0,0.0631786771964462,0.0366398570151921,0.086854103343465,0.0539913248611217,0.0407224399386608,0,0,0.0286278381046397,0.0142984807864164,0.0458966565349544,0.0281561524998098,0.0224721228299351,FALSE,FALSE,FALSE,FALSE,0,FALSE,0,0,0,2,2,8,8,18,FALSE,0,0,0,0,19,19,42,1,1,FALSE,FALSE,FALSE,0,0,0,0,19,19,42,1,0,NA,0,0,0,0,81,0,89,0,77,0,0,120,0,82,0,69,0,0,1,0,1,0,1,0,NA,NA.NA,NA,NA.NA,NA,NA.NA,NA,NA.NA,NA,NA.NA,NA,NA,NA,NA,NA,NA,NA,NA
2012-01-01 13:30:00,2012-01-01 13:00:00,2012-01-01,1,1,1,1,2012,15340,1325424600,FALSE,NA,NA,NA,NA,NA,NA,NA,NA,NA,NA,NA,NA,NA,NA,NA,NA,NA,NA,NA,NA,NA,NA,NA,NA,NA,NA,NA,NA,NA,NA,NA,NA,NA,NA,NA,NA,NA,NA,NA,NA,NA,NA,NA,NA,NA,NA,NA,NA,NA,NA,NA,NA,NA,NA,NA,NA,NA,NA,NA,NA,NA,NA,NA,NA,NA,NA,FALSE,NA,NA,TRUE,TRUE,TRUE,TRUE,0,0,0.0631786771964462,0.0366398570151921,0.086854103343465,0.0539913248611217,0.0407224399386608,0,0,0.0286278381046397,0.0142984807864164,0.0458966565349544,0.0281561524998098,0.0224721228299351,FALSE,FALSE,FALSE,FALSE,0,FALSE,0,0,0,2,2,8,8,18,FALSE,0,0,0,0,19,19,42,1,1,FALSE,FALSE,FALSE,0,0,0,0,19,19,42,1,0,NA,0,0,0,0,81,0,89,0,77,0,0,120,0,82,0,69,0,0,1,0,1,0,1,0,NA,NA.NA,NA,NA.NA,NA,NA.NA,NA,NA.NA,NA,NA.NA,NA,NA,NA,NA,NA,NA,NA,NA
2012-01-01 13:40:00,2012-01-01 13:00:00,2012-01-01,1,1,1,1,2012,15340,1325425200,FALSE,NA,NA,NA,NA,NA,NA,NA,NA,NA,NA,NA,NA,NA,NA,NA,NA,NA,NA,NA,NA,NA,NA,NA,NA,NA,NA,NA,NA,NA,NA,NA,NA,NA,NA,NA,NA,NA,NA,NA,NA,NA,NA,NA,NA,NA,NA,NA,NA,NA,NA,NA,NA,NA,NA,NA,NA,NA,NA,NA,NA,NA,NA,NA,NA,NA,NA,FALSE,NA,NA,TRUE,TRUE,TRUE,TRUE,0,0,0.0631786771964462,0.0366398570151921,0.086854103343465,0.0539913248611217,0.0407224399386608,0,0,0.0286278381046397,0.0142984807864164,0.0458966565349544,0.0281561524998098,0.0224721228299351,FALSE,FALSE,FALSE,FALSE,0,FALSE,0,0,0,2,2,8,8,18,FALSE,0,0,0,0,19,19,42,1,1,FALSE,FALSE,FALSE,0,0,0,0,19,19,42,1,0,NA,0,0,0,0,81,0,89,0,77,0,0,120,0,82,0,69,0,0,1,0,1,0,1,0,NA,NA.NA,NA,NA.NA,NA,NA.NA,NA,NA.NA,NA,NA.NA,NA,NA,NA,NA,NA,NA,NA,NA
2012-01-01 13:50:00,2012-01-01 13:00:00,2012-01-01,1,1,1,1,2012,15340,1325425800,FALSE,NA,NA,NA,NA,NA,NA,NA,NA,NA,NA,NA,NA,NA,NA,NA,NA,NA,NA,NA,NA,NA,NA,NA,NA,NA,NA,NA,NA,NA,NA,NA,NA,NA,NA,NA,NA,NA,NA,NA,NA,NA,NA,NA,NA,NA,NA,NA,NA,NA,NA,NA,NA,NA,NA,NA,NA,NA,NA,NA,NA,NA,NA,NA,NA,NA,NA,FALSE,NA,NA,TRUE,TRUE,TRUE,TRUE,0,0,0.0631786771964462,0.0366398570151921,0.086854103343465,0.0539913248611217,0.0407224399386608,0,0,0.0286278381046397,0.0142984807864164,0.0458966565349544,0.0281561524998098,0.0224721228299351,FALSE,FALSE,FALSE,FALSE,0,FALSE,0,0,0,2,2,8,8,18,FALSE,0,0,0,0,19,19,42,1,1,FALSE,FALSE,FALSE,0,0,0,0,19,19,42,1,0,NA,0,0,0,0,81,0,89,0,77,0,0,120,0,82,0,69,0,0,1,0,1,0,1,0,NA,NA.NA,NA,NA.NA,NA,NA.NA,NA,NA.NA,NA,NA.NA,NA,NA,NA,NA,NA,NA,NA,NA
2012-01-01 14:00:00,2012-01-01 14:00:00,2012-01-01,1,1,1,1,2012,15340,1325426400,FALSE,NA,NA,NA,NA,NA,NA,NA,NA,NA,NA,NA,NA,NA,NA,NA,NA,NA,NA,NA,NA,NA,NA,NA,NA,NA,NA,NA,NA,NA,NA,NA,NA,NA,NA,NA,NA,NA,NA,NA,NA,NA,NA,NA,NA,NA,NA,NA,NA,NA,NA,NA,NA,NA,NA,NA,NA,NA,NA,NA,NA,NA,NA,NA,NA,NA,NA,FALSE,NA,NA,TRUE,TRUE,TRUE,TRUE,0,0,0.0631786771964462,0.0366398570151921,0.086854103343465,0.0539913248611217,0.0407224399386608,0,0,0.0286278381046397,0.0142984807864164,0.0458966565349544,0.0281561524998098,0.0224721228299351,FALSE,FALSE,FALSE,FALSE,0,FALSE,0,0,0,2,2,8,8,18,FALSE,0,0,0,0,19,19,42,1,1,FALSE,FALSE,FALSE,0,0,0,0,19,19,42,1,0,NA,0,0,0,0,81,0,89,0,77,0,0,120,0,82,0,69,0,0,1,0,1,0,1,0,NA,NA.NA,NA,NA.NA,NA,NA.NA,NA,NA.NA,NA,NA.NA,NA,NA,NA,NA,NA,NA,NA,NA
2012-01-01 14:10:00,2012-01-01 14:00:00,2012-01-01,1,1,1,1,2012,15340,1325427000,FALSE,NA,NA,NA,NA,NA,NA,NA,NA,NA,NA,NA,NA,NA,NA,NA,NA,NA,NA,NA,NA,NA,NA,NA,NA,NA,NA,NA,NA,NA,NA,NA,NA,NA,NA,NA,NA,NA,NA,NA,NA,NA,NA,NA,NA,NA,NA,NA,NA,NA,NA,NA,NA,NA,NA,NA,NA,NA,NA,NA,NA,NA,NA,NA,NA,NA,NA,FALSE,NA,NA,TRUE,TRUE,TRUE,TRUE,0,0,0.0631786771964462,0.0366398570151921,0.086854103343465,0.0539913248611217,0.0407224399386608,0,0,0.0286278381046397,0.0142984807864164,0.0458966565349544,0.0281561524998098,0.0224721228299351,FALSE,FALSE,FALSE,FALSE,0,FALSE,0,0,0,2,2,8,8,18,FALSE,0,0,0,0,19,19,42,1,1,FALSE,FALSE,FALSE,0,0,0,0,19,19,42,1,0,NA,0,0,0,0,81,0,89,0,77,0,0,120,0,82,0,69,0,0,1,0,1,0,1,0,NA,NA.NA,NA,NA.NA,NA,NA.NA,NA,NA.NA,NA,NA.NA,NA,NA,NA,NA,NA,NA,NA,NA
2012-01-01 14:20:00,2012-01-01 14:00:00,2012-01-01,1,1,1,1,2012,15340,1325427600,FALSE,NA,NA,NA,NA,NA,NA,NA,NA,NA,NA,NA,NA,NA,NA,NA,NA,NA,NA,NA,NA,NA,NA,NA,NA,NA,NA,NA,NA,NA,NA,NA,NA,NA,NA,NA,NA,NA,NA,NA,NA,NA,NA,NA,NA,NA,NA,NA,NA,NA,NA,NA,NA,NA,NA,NA,NA,NA,NA,NA,NA,NA,NA,NA,NA,NA,NA,FALSE,NA,NA,TRUE,TRUE,TRUE,TRUE,0,0,0.0631786771964462,0.0366398570151921,0.086854103343465,0.0539913248611217,0.0407224399386608,0,0,0.0286278381046397,0.0142984807864164,0.0458966565349544,0.0281561524998098,0.0224721228299351,FALSE,FALSE,FALSE,FALSE,0,FALSE,0,0,0,2,2,8,8,18,FALSE,0,0,0,0,19,19,42,1,1,FALSE,FALSE,FALSE,0,0,0,0,19,19,42,1,0,NA,0,0,0,0,81,0,89,0,77,0,0,120,0,82,0,69,0,0,1,0,1,0,1,0,NA,NA.NA,NA,NA.NA,NA,NA.NA,NA,NA.NA,NA,NA.NA,NA,NA,NA,NA,NA,NA,NA,NA
2012-01-01 14:30:00,2012-01-01 14:00:00,2012-01-01,1,1,1,1,2012,15340,1325428200,FALSE,NA,NA,NA,NA,NA,NA,NA,NA,NA,NA,NA,NA,NA,NA,NA,NA,NA,NA,NA,NA,NA,NA,NA,NA,NA,NA,NA,NA,NA,NA,NA,NA,NA,NA,NA,NA,NA,NA,NA,NA,NA,NA,NA,NA,NA,NA,NA,NA,NA,NA,NA,NA,NA,NA,NA,NA,NA,NA,NA,NA,NA,NA,NA,NA,NA,NA,FALSE,NA,NA,TRUE,TRUE,TRUE,TRUE,0,0,0.0631786771964462,0.0366398570151921,0.086854103343465,0.0539913248611217,0.0407224399386608,0,0,0.0286278381046397,0.0142984807864164,0.0458966565349544,0.0281561524998098,0.0224721228299351,FALSE,FALSE,FALSE,FALSE,0,FALSE,0,0,0,2,2,8,8,18,FALSE,0,0,0,0,19,19,42,1,1,FALSE,FALSE,FALSE,0,0,0,0,19,19,42,1,0,NA,0,0,0,0,81,0,89,0,77,0,0,120,0,82,0,69,0,0,1,0,1,0,1,0,NA,NA.NA,NA,NA.NA,NA,NA.NA,NA,NA.NA,NA,NA.NA,NA,NA,NA,NA,NA,NA,NA,NA
2012-01-01 14:40:00,2012-01-01 14:00:00,2012-01-01,1,1,1,1,2012,15340,1325428800,FALSE,NA,NA,NA,NA,NA,NA,NA,NA,NA,NA,NA,NA,NA,NA,NA,NA,NA,NA,NA,NA,NA,NA,NA,NA,NA,NA,NA,NA,NA,NA,NA,NA,NA,NA,NA,NA,NA,NA,NA,NA,NA,NA,NA,NA,NA,NA,NA,NA,NA,NA,NA,NA,NA,NA,NA,NA,NA,NA,NA,NA,NA,NA,NA,NA,NA,NA,FALSE,NA,NA,TRUE,TRUE,TRUE,TRUE,0,0,0.0631786771964462,0.0366398570151921,0.086854103343465,0.0539913248611217,0.0407224399386608,0,0,0.0286278381046397,0.0142984807864164,0.0458966565349544,0.0281561524998098,0.0224721228299351,FALSE,FALSE,FALSE,FALSE,0,FALSE,0,0,0,2,2,8,8,18,FALSE,0,0,0,0,19,19,42,1,1,FALSE,FALSE,FALSE,0,0,0,0,19,19,42,1,0,NA,0,0,0,0,81,0,89,0,77,0,0,120,0,82,0,69,0,0,1,0,1,0,1,0,NA,NA.NA,NA,NA.NA,NA,NA.NA,NA,NA.NA,NA,NA.NA,NA,NA,NA,NA,NA,NA,NA,NA
2012-01-01 14:50:00,2012-01-01 14:00:00,2012-01-01,1,1,1,1,2012,15340,1325429400,FALSE,NA,NA,NA,NA,NA,NA,NA,NA,NA,NA,NA,NA,NA,NA,NA,NA,NA,NA,NA,NA,NA,NA,NA,NA,NA,NA,NA,NA,NA,NA,NA,NA,NA,NA,NA,NA,NA,NA,NA,NA,NA,NA,NA,NA,NA,NA,NA,NA,NA,NA,NA,NA,NA,NA,NA,NA,NA,NA,NA,NA,NA,NA,NA,NA,NA,NA,FALSE,NA,NA,TRUE,TRUE,TRUE,TRUE,0,0,0.0631786771964462,0.0366398570151921,0.086854103343465,0.0539913248611217,0.0407224399386608,0,0,0.0286278381046397,0.0142984807864164,0.0458966565349544,0.0281561524998098,0.0224721228299351,FALSE,FALSE,FALSE,FALSE,0,FALSE,0,0,0,2,2,8,8,18,FALSE,0,0,0,0,19,19,42,1,1,FALSE,FALSE,FALSE,0,0,0,0,19,19,42,1,0,NA,0,0,0,0,81,0,89,0,77,0,0,120,0,82,0,69,0,0,1,0,1,0,1,0,NA,NA.NA,NA,NA.NA,NA,NA.NA,NA,NA.NA,NA,NA.NA,NA,NA,NA,NA,NA,NA,NA,NA
2012-01-01 15:00:00,2012-01-01 15:00:00,2012-01-01,1,1,1,1,2012,15340,1325430000,FALSE,NA,NA,NA,NA,NA,NA,NA,NA,NA,NA,NA,NA,NA,NA,NA,NA,NA,NA,NA,NA,NA,NA,NA,NA,NA,NA,NA,NA,NA,NA,NA,NA,NA,NA,NA,NA,NA,NA,NA,NA,NA,NA,NA,NA,NA,NA,NA,NA,NA,NA,NA,NA,NA,NA,NA,NA,NA,NA,NA,NA,NA,NA,NA,NA,NA,NA,FALSE,NA,NA,TRUE,TRUE,TRUE,TRUE,0,0,0.0631786771964462,0.0366398570151921,0.086854103343465,0.0539913248611217,0.0407224399386608,0,0,0.0286278381046397,0.0142984807864164,0.0458966565349544,0.0281561524998098,0.0224721228299351,FALSE,FALSE,FALSE,FALSE,0,FALSE,0,0,0,2,2,8,8,18,FALSE,0,0,0,0,19,19,42,1,1,FALSE,FALSE,FALSE,0,0,0,0,19,19,42,1,0,NA,0,0,0,0,81,0,89,0,77,0,0,120,0,82,0,69,0,0,1,0,1,0,1,0,NA,NA.NA,NA,NA.NA,NA,NA.NA,NA,NA.NA,NA,NA.NA,NA,NA,NA,NA,NA,NA,NA,NA
2012-01-01 15:10:00,2012-01-01 15:00:00,2012-01-01,1,1,1,1,2012,15340,1325430600,FALSE,NA,NA,NA,NA,NA,NA,NA,NA,NA,NA,NA,NA,NA,NA,NA,NA,NA,NA,NA,NA,NA,NA,NA,NA,NA,NA,NA,NA,NA,NA,NA,NA,NA,NA,NA,NA,NA,NA,NA,NA,NA,NA,NA,NA,NA,NA,NA,NA,NA,NA,NA,NA,NA,NA,NA,NA,NA,NA,NA,NA,NA,NA,NA,NA,NA,NA,FALSE,NA,NA,TRUE,TRUE,TRUE,TRUE,0,0,0.0631786771964462,0.0366398570151921,0.086854103343465,0.0539913248611217,0.0407224399386608,0,0,0.0286278381046397,0.0142984807864164,0.0458966565349544,0.0281561524998098,0.0224721228299351,FALSE,FALSE,FALSE,FALSE,0,FALSE,0,0,0,2,2,8,8,18,FALSE,0,0,0,0,19,19,42,1,1,FALSE,FALSE,FALSE,0,0,0,0,19,19,42,1,0,NA,0,0,0,0,81,0,89,0,77,0,0,120,0,82,0,69,0,0,1,0,1,0,1,0,NA,NA.NA,NA,NA.NA,NA,NA.NA,NA,NA.NA,NA,NA.NA,NA,NA,NA,NA,NA,NA,NA,NA
2012-01-01 15:20:00,2012-01-01 15:00:00,2012-01-01,1,1,1,1,2012,15340,1325431200,FALSE,NA,NA,NA,NA,NA,NA,NA,NA,NA,NA,NA,NA,NA,NA,NA,NA,NA,NA,NA,NA,NA,NA,NA,NA,NA,NA,NA,NA,NA,NA,NA,NA,NA,NA,NA,NA,NA,NA,NA,NA,NA,NA,NA,NA,NA,NA,NA,NA,NA,NA,NA,NA,NA,NA,NA,NA,NA,NA,NA,NA,NA,NA,NA,NA,NA,NA,FALSE,NA,NA,TRUE,TRUE,TRUE,TRUE,0,0,0.0631786771964462,0.0366398570151921,0.086854103343465,0.0539913248611217,0.0407224399386608,0,0,0.0286278381046397,0.0142984807864164,0.0458966565349544,0.0281561524998098,0.0224721228299351,FALSE,FALSE,FALSE,FALSE,0,FALSE,0,0,0,2,2,8,8,18,FALSE,0,0,0,0,19,19,42,1,1,FALSE,FALSE,FALSE,0,0,0,0,19,19,42,1,0,NA,0,0,0,0,81,0,89,0,77,0,0,120,0,82,0,69,0,0,1,0,1,0,1,0,NA,NA.NA,NA,NA.NA,NA,NA.NA,NA,NA.NA,NA,NA.NA,NA,NA,NA,NA,NA,NA,NA,NA
2012-01-01 15:30:00,2012-01-01 15:00:00,2012-01-01,1,1,1,1,2012,15340,1325431800,FALSE,NA,NA,NA,NA,NA,NA,NA,NA,NA,NA,NA,NA,NA,NA,NA,NA,NA,NA,NA,NA,NA,NA,NA,NA,NA,NA,NA,NA,NA,NA,NA,NA,NA,NA,NA,NA,NA,NA,NA,NA,NA,NA,NA,NA,NA,NA,NA,NA,NA,NA,NA,NA,NA,NA,NA,NA,NA,NA,NA,NA,NA,NA,NA,NA,NA,NA,FALSE,NA,NA,TRUE,TRUE,TRUE,TRUE,0,0,0.0631786771964462,0.0366398570151921,0.086854103343465,0.0539913248611217,0.0407224399386608,0,0,0.0286278381046397,0.0142984807864164,0.0458966565349544,0.0281561524998098,0.0224721228299351,FALSE,FALSE,FALSE,FALSE,0,FALSE,0,0,0,2,2,8,8,18,FALSE,0,0,0,0,19,19,42,1,1,FALSE,FALSE,FALSE,0,0,0,0,19,19,42,1,0,NA,0,0,0,0,81,0,89,0,77,0,0,120,0,82,0,69,0,0,1,0,1,0,1,0,NA,NA.NA,NA,NA.NA,NA,NA.NA,NA,NA.NA,NA,NA.NA,NA,NA,NA,NA,NA,NA,NA,NA
2012-01-01 15:40:00,2012-01-01 15:00:00,2012-01-01,1,1,1,1,2012,15340,1325432400,FALSE,NA,NA,NA,NA,NA,NA,NA,NA,NA,NA,NA,NA,NA,NA,NA,NA,NA,NA,NA,NA,NA,NA,NA,NA,NA,NA,NA,NA,NA,NA,NA,NA,NA,NA,NA,NA,NA,NA,NA,NA,NA,NA,NA,NA,NA,NA,NA,NA,NA,NA,NA,NA,NA,NA,NA,NA,NA,NA,NA,NA,NA,NA,NA,NA,NA,NA,FALSE,NA,NA,TRUE,TRUE,TRUE,TRUE,0,0,0.0631786771964462,0.0366398570151921,0.086854103343465,0.0539913248611217,0.0407224399386608,0,0,0.0286278381046397,0.0142984807864164,0.0458966565349544,0.0281561524998098,0.0224721228299351,FALSE,FALSE,FALSE,FALSE,0,FALSE,0,0,0,2,2,8,8,18,FALSE,0,0,0,0,19,19,42,1,1,FALSE,FALSE,FALSE,0,0,0,0,19,19,42,1,0,NA,0,0,0,0,81,0,89,0,77,0,0,120,0,82,0,69,0,0,1,0,1,0,1,0,NA,NA.NA,NA,NA.NA,NA,NA.NA,NA,NA.NA,NA,NA.NA,NA,NA,NA,NA,NA,NA,NA,NA
2012-01-01 15:50:00,2012-01-01 15:00:00,2012-01-01,1,1,1,1,2012,15340,1325433000,FALSE,NA,NA,NA,NA,NA,NA,NA,NA,NA,NA,NA,NA,NA,NA,NA,NA,NA,NA,NA,NA,NA,NA,NA,NA,NA,NA,NA,NA,NA,NA,NA,NA,NA,NA,NA,NA,NA,NA,NA,NA,NA,NA,NA,NA,NA,NA,NA,NA,NA,NA,NA,NA,NA,NA,NA,NA,NA,NA,NA,NA,NA,NA,NA,NA,NA,NA,FALSE,NA,NA,TRUE,TRUE,TRUE,TRUE,0,0,0.0631786771964462,0.0366398570151921,0.086854103343465,0.0539913248611217,0.0407224399386608,0,0,0.0286278381046397,0.0142984807864164,0.0458966565349544,0.0281561524998098,0.0224721228299351,FALSE,FALSE,FALSE,FALSE,0,FALSE,0,0,0,2,2,8,8,18,FALSE,0,0,0,0,19,19,42,1,1,FALSE,FALSE,FALSE,0,0,0,0,19,19,42,1,0,NA,0,0,0,0,81,0,89,0,77,0,0,120,0,82,0,69,0,0,1,0,1,0,1,0,NA,NA.NA,NA,NA.NA,NA,NA.NA,NA,NA.NA,NA,NA.NA,NA,NA,NA,NA,NA,NA,NA,NA
2012-01-01 16:00:00,2012-01-01 16:00:00,2012-01-01,1,1,1,1,2012,15340,1325433600,FALSE,NA,NA,NA,NA,NA,NA,NA,NA,NA,NA,NA,NA,NA,NA,NA,NA,NA,NA,NA,NA,NA,NA,NA,NA,NA,NA,NA,NA,NA,NA,NA,NA,NA,NA,NA,NA,NA,NA,NA,NA,NA,NA,NA,NA,NA,NA,NA,NA,NA,NA,NA,NA,NA,NA,NA,NA,NA,NA,NA,NA,NA,NA,NA,NA,NA,NA,FALSE,NA,NA,TRUE,TRUE,TRUE,TRUE,0,0,0.0631786771964462,0.0366398570151921,0.086854103343465,0.0539913248611217,0.0407224399386608,0,0,0.0286278381046397,0.0142984807864164,0.0458966565349544,0.0281561524998098,0.0224721228299351,FALSE,FALSE,FALSE,FALSE,0,FALSE,0,0,0,2,2,8,8,18,FALSE,0,0,0,0,19,19,42,1,1,FALSE,FALSE,FALSE,0,0,0,0,19,19,42,1,0,NA,0,0,0,0,81,0,89,0,77,0,0,120,0,82,0,69,0,0,1,0,1,0,1,0,NA,NA.NA,NA,NA.NA,NA,NA.NA,NA,NA.NA,NA,NA.NA,NA,NA,NA,NA,NA,NA,NA,NA
2012-01-01 16:10:00,2012-01-01 16:00:00,2012-01-01,1,1,1,1,2012,15340,1325434200,FALSE,NA,NA,NA,NA,NA,NA,NA,NA,NA,NA,NA,NA,NA,NA,NA,NA,NA,NA,NA,NA,NA,NA,NA,NA,NA,NA,NA,NA,NA,NA,NA,NA,NA,NA,NA,NA,NA,NA,NA,NA,NA,NA,NA,NA,NA,NA,NA,NA,NA,NA,NA,NA,NA,NA,NA,NA,NA,NA,NA,NA,NA,NA,NA,NA,NA,NA,FALSE,NA,NA,TRUE,TRUE,TRUE,TRUE,0,0,0.0631786771964462,0.0366398570151921,0.086854103343465,0.0539913248611217,0.0407224399386608,0,0,0.0286278381046397,0.0142984807864164,0.0458966565349544,0.0281561524998098,0.0224721228299351,FALSE,FALSE,FALSE,FALSE,0,FALSE,0,0,0,2,2,8,8,18,FALSE,0,0,0,0,19,19,42,1,1,FALSE,FALSE,FALSE,0,0,0,0,19,19,42,1,0,NA,0,0,0,0,81,0,89,0,77,0,0,120,0,82,0,69,0,0,1,0,1,0,1,0,NA,NA.NA,NA,NA.NA,NA,NA.NA,NA,NA.NA,NA,NA.NA,NA,NA,NA,NA,NA,NA,NA,NA
2012-01-01 16:20:00,2012-01-01 16:00:00,2012-01-01,1,1,1,1,2012,15340,1325434800,FALSE,NA,NA,NA,NA,NA,NA,NA,NA,NA,NA,NA,NA,NA,NA,NA,NA,NA,NA,NA,NA,NA,NA,NA,NA,NA,NA,NA,NA,NA,NA,NA,NA,NA,NA,NA,NA,NA,NA,NA,NA,NA,NA,NA,NA,NA,NA,NA,NA,NA,NA,NA,NA,NA,NA,NA,NA,NA,NA,NA,NA,NA,NA,NA,NA,NA,NA,FALSE,NA,NA,TRUE,TRUE,TRUE,TRUE,0,0,0.0631786771964462,0.0366398570151921,0.086854103343465,0.0539913248611217,0.0407224399386608,0,0,0.0286278381046397,0.0142984807864164,0.0458966565349544,0.0281561524998098,0.0224721228299351,FALSE,FALSE,FALSE,FALSE,0,FALSE,0,0,0,2,2,8,8,18,FALSE,0,0,0,0,19,19,42,1,1,FALSE,FALSE,FALSE,0,0,0,0,19,19,42,1,0,NA,0,0,0,0,81,0,89,0,77,0,0,120,0,82,0,69,0,0,1,0,1,0,1,0,NA,NA.NA,NA,NA.NA,NA,NA.NA,NA,NA.NA,NA,NA.NA,NA,NA,NA,NA,NA,NA,NA,NA
